PID,word_type,voice,hits,total,hit_rate,fa_rate,cms,wr_accuracy,ir_rt_mean,ir_rt_median,wr_rt_mean,wr_rt_median
232,HH,A,6,6,1.0,0.1111111111111111,0.8888888888888888,1.0,896.0,910.5,1000.6666666666666,1004.5
232,HH,P,6,6,1.0,0.1111111111111111,0.8888888888888888,1.0,1064.1666666666667,1077.5,973.5,872.0
232,HL,A,6,6,1.0,0.1111111111111111,0.8888888888888888,0.8333333333333334,855.6666666666666,800.0,1614.1666666666667,950.0
232,HL,P,6,6,1.0,0.1111111111111111,0.8888888888888888,0.5,981.0,1042.5,12341.5,2505.5
232,LH,A,6,6,1.0,0.1111111111111111,0.8888888888888888,0.8333333333333334,868.6666666666666,873.0,1188.5,1207.5
232,LH,P,5,6,0.8333333333333334,0.1111111111111111,0.7222222222222223,0.8,896.4,894.0,1009.2,620.0
232,LL,A,6,6,1.0,0.1111111111111111,0.8888888888888888,1.0,901.6666666666666,907.5,1524.6666666666667,1385.0
232,LL,P,6,6,1.0,0.1111111111111111,0.8888888888888888,0.6666666666666666,973.0,851.0,1109.6666666666667,1035.0
235,HH,A,5,6,0.8333333333333334,0.1527777777777778,0.6805555555555556,1.0,1669.8,1379.0,1046.0,953.0
235,HH,P,6,6,1.0,0.1527777777777778,0.8472222222222222,0.6666666666666666,1875.8333333333333,1859.5,746.8333333333334,344.0
235,HL,A,4,6,0.6666666666666666,0.1527777777777778,0.5138888888888888,0.75,1298.75,1065.5,1880.0,866.5
235,HL,P,6,6,1.0,0.1527777777777778,0.8472222222222222,0.5,1174.6666666666667,1150.0,1972.6666666666667,459.5
235,LH,A,4,6,0.6666666666666666,0.1527777777777778,0.5138888888888888,1.0,1293.75,1296.0,374.0,295.0
235,LH,P,4,6,0.6666666666666666,0.1527777777777778,0.5138888888888888,0.5,1633.25,1501.5,2416.75,2066.5
235,LL,A,5,6,0.8333333333333334,0.1527777777777778,0.6805555555555556,0.8,1839.2,1759.0,757.0,827.0
235,LL,P,2,6,0.3333333333333333,0.1527777777777778,0.18055555555555552,1.0,1321.0,1321.0,1289.5,1289.5
236,HH,A,6,6,1.0,0.10416666666666667,0.8958333333333334,0.5,2065.3333333333335,2194.5,776.6666666666666,823.5
236,HH,P,6,6,1.0,0.10416666666666667,0.8958333333333334,0.6666666666666666,1368.6666666666667,1092.5,235.66666666666666,233.0
236,HL,A,5,6,0.8333333333333334,0.10416666666666667,0.7291666666666667,0.8,1424.8,1463.0,756.6,362.0
236,HL,P,6,6,1.0,0.10416666666666667,0.8958333333333334,0.6666666666666666,1688.0,1501.0,299.5,274.0
236,LH,A,5,6,0.8333333333333334,0.10416666666666667,0.7291666666666667,0.4,1680.8,1763.0,1088.8,543.0
236,LH,P,6,6,1.0,0.10416666666666667,0.8958333333333334,0.6666666666666666,1965.8333333333333,1705.5,1156.1666666666667,670.0
236,LL,A,6,6,1.0,0.10416666666666667,0.8958333333333334,0.6666666666666666,2142.1666666666665,2061.5,433.3333333333333,326.5
236,LL,P,6,6,1.0,0.10416666666666667,0.8958333333333334,0.8333333333333334,2038.5,2028.0,948.1666666666666,359.0
241,HH,A,5,6,0.8333333333333334,0.16666666666666666,0.6666666666666667,0.8,2037.4,1860.0,413.8,323.0
241,HH,P,6,6,1.0,0.16666666666666666,0.8333333333333334,0.6666666666666666,2115.8333333333335,2016.0,2180.8333333333335,1476.0
241,HL,A,5,6,0.8333333333333334,0.16666666666666666,0.6666666666666667,0.6,1574.6,1363.0,917.2,412.0
241,HL,P,6,6,1.0,0.16666666666666666,0.8333333333333334,0.5,1651.0,1426.0,737.8333333333334,385.0
241,LH,A,4,6,0.6666666666666666,0.16666666666666666,0.5,0.75,1963.0,1801.5,1047.25,299.5
241,LH,P,6,6,1.0,0.16666666666666666,0.8333333333333334,0.8333333333333334,1698.3333333333333,1360.0,1072.3333333333333,547.0
241,LL,A,5,6,0.8333333333333334,0.16666666666666666,0.6666666666666667,0.2,1811.0,1502.0,355.2,368.0
241,LL,P,6,6,1.0,0.16666666666666666,0.8333333333333334,0.3333333333333333,1624.3333333333333,1680.0,1324.5,782.0
242,HH,A,6,6,1.0,0.020833333333333332,0.9791666666666666,0.6666666666666666,1891.6666666666667,1668.0,1209.8333333333333,925.0
242,HH,P,5,6,0.8333333333333334,0.020833333333333332,0.8125,1.0,1969.8,1948.0,1624.2,1670.0
242,HL,A,5,6,0.8333333333333334,0.020833333333333332,0.8125,0.8,1512.0,1588.0,710.4,786.0
242,HL,P,6,6,1.0,0.020833333333333332,0.9791666666666666,0.8333333333333334,1635.5,1627.0,1024.6666666666667,530.5
242,LH,A,6,6,1.0,0.020833333333333332,0.9791666666666666,1.0,1578.1666666666667,1481.5,1092.8333333333333,550.0
242,LH,P,5,6,0.8333333333333334,0.020833333333333332,0.8125,0.8,1667.8,1556.0,434.4,403.0
242,LL,A,3,6,0.5,0.020833333333333332,0.4791666666666667,0.6666666666666666,1366.3333333333333,1368.0,544.3333333333334,418.0
242,LL,P,4,6,0.6666666666666666,0.020833333333333332,0.6458333333333333,0.5,2136.5,1836.5,1173.25,1315.0
243,HH,A,6,6,1.0,0.04861111111111111,0.9513888888888888,1.0,1846.1666666666667,1879.0,809.3333333333334,760.5
243,HH,P,6,6,1.0,0.04861111111111111,0.9513888888888888,1.0,2425.1666666666665,2261.0,721.3333333333334,468.5
243,HL,A,6,6,1.0,0.04861111111111111,0.9513888888888888,1.0,2357.8333333333335,2271.5,1066.8333333333333,873.5
243,HL,P,6,6,1.0,0.04861111111111111,0.9513888888888888,0.8333333333333334,2501.6666666666665,2793.0,1498.6666666666667,691.5
243,LH,A,5,6,0.8333333333333334,0.04861111111111111,0.7847222222222222,1.0,2005.8,1807.0,375.2,257.0
243,LH,P,6,6,1.0,0.04861111111111111,0.9513888888888888,1.0,2095.6666666666665,2109.5,593.6666666666666,610.0
243,LL,A,5,6,0.8333333333333334,0.04861111111111111,0.7847222222222222,1.0,2073.2,1677.0,464.4,413.0
243,LL,P,6,6,1.0,0.04861111111111111,0.9513888888888888,1.0,2333.5,2034.0,697.6666666666666,478.5
245,HH,A,2,4,0.5,0.09375,0.40625,0.5,1252.5,1252.5,647.5,647.5
245,HH,P,0,4,0.0,0.09375,-0.09375,,,,,
245,HL,A,2,4,0.5,0.09375,0.40625,1.0,1206.5,1206.5,781.0,781.0
245,HL,P,1,4,0.25,0.09375,0.15625,0.0,3834.0,3834.0,915.0,915.0
245,LH,A,2,4,0.5,0.09375,0.40625,0.5,1690.5,1690.5,708.5,708.5
245,LH,P,1,4,0.25,0.09375,0.15625,0.0,1415.0,1415.0,1014.0,1014.0
245,LL,A,0,4,0.0,0.09375,-0.09375,,,,,
245,LL,P,1,4,0.25,0.09375,0.15625,0.0,2128.0,2128.0,98.0,98.0
246,HH,A,3,6,0.5,0.04861111111111111,0.4513888888888889,0.3333333333333333,1949.0,2093.0,697.6666666666666,724.0
246,HH,P,3,6,0.5,0.04861111111111111,0.4513888888888889,0.3333333333333333,1582.6666666666667,1565.0,700.0,723.0
246,HL,A,3,6,0.5,0.04861111111111111,0.4513888888888889,1.0,1971.0,2017.0,904.0,464.0
246,HL,P,3,6,0.5,0.04861111111111111,0.4513888888888889,0.6666666666666666,2017.3333333333333,1960.0,2280.6666666666665,570.0
246,LH,A,3,6,0.5,0.04861111111111111,0.4513888888888889,0.3333333333333333,1911.3333333333333,1961.0,1782.0,731.0
246,LH,P,2,6,0.3333333333333333,0.04861111111111111,0.2847222222222222,1.0,1798.5,1798.5,500.0,500.0
246,LL,A,3,6,0.5,0.04861111111111111,0.4513888888888889,1.0,1317.3333333333333,1315.0,3037.6666666666665,1049.0
246,LL,P,3,6,0.5,0.04861111111111111,0.4513888888888889,0.6666666666666666,1913.3333333333333,1989.0,312.0,208.0
247,HH,A,5,6,0.8333333333333334,0.027777777777777776,0.8055555555555556,1.0,1859.6,1851.0,1326.0,863.0
247,HH,P,6,6,1.0,0.027777777777777776,0.9722222222222222,1.0,1807.0,1659.0,1043.3333333333333,968.5
247,HL,A,5,6,0.8333333333333334,0.027777777777777776,0.8055555555555556,0.8,1637.4,1493.0,1109.2,666.0
247,HL,P,4,6,0.6666666666666666,0.027777777777777776,0.6388888888888888,0.75,1830.25,1962.0,1708.25,937.5
247,LH,A,6,6,1.0,0.027777777777777776,0.9722222222222222,0.8333333333333334,1817.8333333333333,1816.5,2267.8333333333335,2181.0
247,LH,P,6,6,1.0,0.027777777777777776,0.9722222222222222,0.8333333333333334,1711.3333333333333,1822.0,900.6666666666666,777.0
247,LL,A,5,6,0.8333333333333334,0.027777777777777776,0.8055555555555556,1.0,1987.8,1771.0,954.2,694.0
247,LL,P,5,6,0.8333333333333334,0.027777777777777776,0.8055555555555556,0.6,2019.0,1772.0,2393.0,858.0
249,HH,A,6,6,1.0,0.18055555555555555,0.8194444444444444,1.0,1543.0,1658.5,916.8333333333334,903.5
249,HH,P,3,6,0.5,0.18055555555555555,0.3194444444444444,0.3333333333333333,1754.3333333333333,1805.0,725.3333333333334,593.0
249,HL,A,3,6,0.5,0.18055555555555555,0.3194444444444444,1.0,1333.6666666666667,1425.0,1583.3333333333333,764.0
249,HL,P,6,6,1.0,0.18055555555555555,0.8194444444444444,0.8333333333333334,1496.3333333333333,1478.5,745.8333333333334,647.5
249,LH,A,5,6,0.8333333333333334,0.18055555555555555,0.6527777777777778,0.8,1209.0,1319.0,696.0,647.0
249,LH,P,5,6,0.8333333333333334,0.18055555555555555,0.6527777777777778,0.8,1636.4,1709.0,1628.6,810.0
249,LL,A,4,6,0.6666666666666666,0.18055555555555555,0.48611111111111105,1.0,1505.5,1492.0,1117.0,854.5
249,LL,P,3,6,0.5,0.18055555555555555,0.3194444444444444,1.0,1359.0,1331.0,1332.0,1400.0
251,HH,A,6,6,1.0,0.3055555555555556,0.6944444444444444,0.6666666666666666,2368.6666666666665,2101.5,1249.5,1083.0
251,HH,P,6,6,1.0,0.3055555555555556,0.6944444444444444,0.8333333333333334,2149.5,1944.0,1218.6666666666667,620.5
251,HL,A,6,6,1.0,0.3055555555555556,0.6944444444444444,1.0,1885.5,1943.0,1487.1666666666667,1385.0
251,HL,P,6,6,1.0,0.3055555555555556,0.6944444444444444,0.8333333333333334,1653.5,1602.0,1146.1666666666667,475.5
251,LH,A,6,6,1.0,0.3055555555555556,0.6944444444444444,0.6666666666666666,1775.0,1722.5,811.6666666666666,787.0
251,LH,P,5,6,0.8333333333333334,0.3055555555555556,0.5277777777777778,0.8,2068.8,1993.0,684.2,706.0
251,LL,A,6,6,1.0,0.3055555555555556,0.6944444444444444,1.0,2061.0,1840.5,979.8333333333334,972.0
251,LL,P,6,6,1.0,0.3055555555555556,0.6944444444444444,0.8333333333333334,1905.8333333333333,1709.0,805.3333333333334,493.0
252,HH,A,6,6,1.0,0.06944444444444445,0.9305555555555556,1.0,1207.1666666666667,1195.0,556.5,435.0
252,HH,P,6,6,1.0,0.06944444444444445,0.9305555555555556,1.0,1051.8333333333333,1029.0,1397.5,1014.5
252,HL,A,5,6,0.8333333333333334,0.06944444444444445,0.763888888888889,1.0,1204.2,1066.0,884.0,1033.0
252,HL,P,6,6,1.0,0.06944444444444445,0.9305555555555556,0.5,1486.6666666666667,1479.5,1450.0,1458.5
252,LH,A,6,6,1.0,0.06944444444444445,0.9305555555555556,0.6666666666666666,1262.1666666666667,1226.5,644.5,558.5
252,LH,P,6,6,1.0,0.06944444444444445,0.9305555555555556,0.6666666666666666,1471.1666666666667,1423.0,1554.6666666666667,1254.5
252,LL,A,6,6,1.0,0.06944444444444445,0.9305555555555556,0.6666666666666666,1549.3333333333333,1598.5,837.6666666666666,770.0
252,LL,P,4,6,0.6666666666666666,0.06944444444444445,0.5972222222222222,1.0,1566.75,1447.0,1843.5,1483.5
253,HH,A,6,6,1.0,0.10416666666666667,0.8958333333333334,0.6666666666666666,2165.6666666666665,2045.5,1346.0,633.0
253,HH,P,6,6,1.0,0.10416666666666667,0.8958333333333334,0.6666666666666666,1579.3333333333333,1363.5,876.5,696.0
253,HL,A,6,6,1.0,0.10416666666666667,0.8958333333333334,0.8333333333333334,1229.3333333333333,1200.5,501.0,332.0
253,HL,P,6,6,1.0,0.10416666666666667,0.8958333333333334,0.5,1450.8333333333333,1314.0,703.8333333333334,388.0
253,LH,A,6,6,1.0,0.10416666666666667,0.8958333333333334,0.5,2170.8333333333335,2266.5,1004.1666666666666,436.0
253,LH,P,6,6,1.0,0.10416666666666667,0.8958333333333334,0.6666666666666666,1365.8333333333333,1196.0,852.5,225.0
253,LL,A,6,6,1.0,0.10416666666666667,0.8958333333333334,0.6666666666666666,1578.1666666666667,1648.0,279.0,304.0
253,LL,P,6,6,1.0,0.10416666666666667,0.8958333333333334,0.16666666666666666,1704.3333333333333,1313.5,648.6666666666666,309.0
254,HH,A,2,6,0.3333333333333333,0.2222222222222222,0.1111111111111111,0.5,2145.5,2145.5,185.0,185.0
254,HH,P,5,6,0.8333333333333334,0.2222222222222222,0.6111111111111112,0.6,1882.0,1786.0,356.6,297.0
254,HL,A,6,6,1.0,0.2222222222222222,0.7777777777777778,0.8333333333333334,2098.6666666666665,2078.5,358.1666666666667,275.5
254,HL,P,5,6,0.8333333333333334,0.2222222222222222,0.6111111111111112,0.8,2388.4,2369.0,628.0,584.0
254,LH,A,4,6,0.6666666666666666,0.2222222222222222,0.4444444444444444,1.0,2129.0,2155.0,288.75,318.5
254,LH,P,5,6,0.8333333333333334,0.2222222222222222,0.6111111111111112,0.8,2085.6,2129.0,1457.6,578.0
254,LL,A,5,6,0.8333333333333334,0.2222222222222222,0.6111111111111112,1.0,2048.4,1912.0,305.8,184.0
254,LL,P,5,6,0.8333333333333334,0.2222222222222222,0.6111111111111112,0.6,2355.0,1782.0,345.2,456.0
256,HH,A,6,6,1.0,0.1388888888888889,0.8611111111111112,0.8333333333333334,1693.0,1557.5,361.1666666666667,310.0
256,HH,P,6,6,1.0,0.1388888888888889,0.8611111111111112,0.8333333333333334,2259.6666666666665,1972.5,987.6666666666666,460.0
256,HL,A,6,6,1.0,0.1388888888888889,0.8611111111111112,0.8333333333333334,2364.0,2276.5,1248.3333333333333,726.5
256,HL,P,6,6,1.0,0.1388888888888889,0.8611111111111112,0.6666666666666666,2813.1666666666665,3211.0,1437.0,934.0
256,LH,A,6,6,1.0,0.1388888888888889,0.8611111111111112,0.6666666666666666,2225.6666666666665,2273.5,1014.3333333333334,464.5
256,LH,P,6,6,1.0,0.1388888888888889,0.8611111111111112,0.8333333333333334,2006.1666666666667,1795.5,392.6666666666667,404.5
256,LL,A,5,6,0.8333333333333334,0.1388888888888889,0.6944444444444444,0.6,2447.6,2047.0,1272.8,1005.0
256,LL,P,4,6,0.6666666666666666,0.1388888888888889,0.5277777777777777,0.75,2142.0,1943.5,1334.0,499.0
257,HH,A,3,6,0.5,0.09722222222222222,0.4027777777777778,0.6666666666666666,1844.0,1977.0,93.66666666666667,71.0
257,HH,P,3,6,0.5,0.09722222222222222,0.4027777777777778,0.6666666666666666,2117.0,1986.0,592.0,441.0
257,HL,A,3,6,0.5,0.09722222222222222,0.4027777777777778,0.6666666666666666,1688.3333333333333,1497.0,162.33333333333334,161.0
257,HL,P,2,6,0.3333333333333333,0.09722222222222222,0.2361111111111111,0.5,1950.5,1950.5,619.0,619.0
257,LH,A,4,6,0.6666666666666666,0.09722222222222222,0.5694444444444444,0.75,1898.75,1563.5,92.0,97.0
257,LH,P,2,6,0.3333333333333333,0.09722222222222222,0.2361111111111111,0.5,1915.0,1915.0,137.5,137.5
257,LL,A,6,6,1.0,0.09722222222222222,0.9027777777777778,0.5,2255.6666666666665,2061.0,164.83333333333334,139.5
257,LL,P,4,6,0.6666666666666666,0.09722222222222222,0.5694444444444444,0.75,2615.75,2691.5,113.0,102.0
258,HH,A,4,4,1.0,0.0,1.0,0.75,2184.75,2077.5,2765.75,396.0
258,HH,P,3,4,0.75,0.0,0.75,1.0,1733.6666666666667,1722.0,705.6666666666666,511.0
258,HL,A,3,4,0.75,0.0,0.75,1.0,2524.3333333333335,2561.0,481.6666666666667,447.0
258,HL,P,4,4,1.0,0.0,1.0,0.75,1842.5,1773.5,300.75,218.5
258,LH,A,3,4,0.75,0.0,0.75,1.0,2654.6666666666665,2248.0,412.6666666666667,312.0
258,LH,P,3,4,0.75,0.0,0.75,1.0,2301.0,1770.0,844.6666666666666,768.0
258,LL,A,4,4,1.0,0.0,1.0,1.0,1943.0,1806.0,325.75,312.0
258,LL,P,4,4,1.0,0.0,1.0,0.25,2118.25,2218.5,975.25,375.0
259,HH,A,5,6,0.8333333333333334,0.2013888888888889,0.6319444444444444,0.6,1814.6,1654.0,2369.8,1607.0
259,HH,P,4,6,0.6666666666666666,0.2013888888888889,0.46527777777777773,1.0,2107.75,1879.0,1168.5,1007.5
259,HL,A,5,6,0.8333333333333334,0.2013888888888889,0.6319444444444444,0.6,1941.4,1997.0,1513.0,1159.0
259,HL,P,5,6,0.8333333333333334,0.2013888888888889,0.6319444444444444,0.6,1476.6,1324.0,925.8,796.0
259,LH,A,5,6,0.8333333333333334,0.2013888888888889,0.6319444444444444,0.8,1439.8,1445.0,1365.0,585.0
259,LH,P,4,6,0.6666666666666666,0.2013888888888889,0.46527777777777773,0.75,2046.0,1534.0,1473.0,1087.0
259,LL,A,5,6,0.8333333333333334,0.2013888888888889,0.6319444444444444,0.8,1838.2,1371.0,1820.8,948.0
259,LL,P,5,6,0.8333333333333334,0.2013888888888889,0.6319444444444444,0.4,1696.0,1526.0,2549.4,2037.0
260,HH,A,4,6,0.6666666666666666,0.05555555555555555,0.611111111111111,0.75,2156.75,2152.0,435.5,455.5
260,HH,P,5,6,0.8333333333333334,0.05555555555555555,0.7777777777777778,0.6,2068.6,1768.0,846.0,483.0
260,HL,A,5,6,0.8333333333333334,0.05555555555555555,0.7777777777777778,0.8,1638.6,1481.0,1935.4,441.0
260,HL,P,6,6,1.0,0.05555555555555555,0.9444444444444444,0.6666666666666666,1663.0,1483.0,1282.3333333333333,416.5
260,LH,A,5,6,0.8333333333333334,0.05555555555555555,0.7777777777777778,0.8,1766.8,1721.0,509.2,466.0
260,LH,P,5,6,0.8333333333333334,0.05555555555555555,0.7777777777777778,1.0,1635.2,1714.0,483.2,365.0
260,LL,A,5,6,0.8333333333333334,0.05555555555555555,0.7777777777777778,0.8,2296.0,2118.0,564.6,450.0
260,LL,P,4,6,0.6666666666666666,0.05555555555555555,0.611111111111111,0.75,2044.0,2117.0,501.75,459.5
261,HH,A,6,6,1.0,0.18055555555555555,0.8194444444444444,0.6666666666666666,1132.5,1065.5,456.3333333333333,434.5
261,HH,P,6,6,1.0,0.18055555555555555,0.8194444444444444,0.8333333333333334,1381.5,1285.0,1659.3333333333333,1038.0
261,HL,A,6,6,1.0,0.18055555555555555,0.8194444444444444,0.8333333333333334,1429.3333333333333,1365.5,1081.3333333333333,628.0
261,HL,P,6,6,1.0,0.18055555555555555,0.8194444444444444,0.8333333333333334,1697.3333333333333,1686.0,788.6666666666666,415.0
261,LH,A,6,6,1.0,0.18055555555555555,0.8194444444444444,1.0,1215.5,1229.0,516.6666666666666,494.5
261,LH,P,6,6,1.0,0.18055555555555555,0.8194444444444444,1.0,1484.1666666666667,1303.0,627.5,569.0
261,LL,A,6,6,1.0,0.18055555555555555,0.8194444444444444,0.6666666666666666,1427.8333333333333,1475.0,903.6666666666666,621.0
261,LL,P,6,6,1.0,0.18055555555555555,0.8194444444444444,0.8333333333333334,1563.6666666666667,1522.0,636.6666666666666,537.0
262,HH,A,6,6,1.0,0.041666666666666664,0.9583333333333334,0.5,1992.8333333333333,2199.0,733.0,510.5
262,HH,P,6,6,1.0,0.041666666666666664,0.9583333333333334,0.8333333333333334,2184.1666666666665,1959.0,471.0,383.5
262,HL,A,3,6,0.5,0.041666666666666664,0.4583333333333333,1.0,2269.0,2208.0,378.0,295.0
262,HL,P,5,6,0.8333333333333334,0.041666666666666664,0.7916666666666667,0.8,2451.0,2569.0,1823.0,1021.0
262,LH,A,6,6,1.0,0.041666666666666664,0.9583333333333334,0.8333333333333334,1743.6666666666667,1453.0,655.0,306.5
262,LH,P,6,6,1.0,0.041666666666666664,0.9583333333333334,0.8333333333333334,1897.1666666666667,2103.0,365.1666666666667,303.0
262,LL,A,2,6,0.3333333333333333,0.041666666666666664,0.29166666666666663,1.0,1545.5,1545.5,287.5,287.5
262,LL,P,5,6,0.8333333333333334,0.041666666666666664,0.7916666666666667,0.6,2621.2,2579.0,1172.4,474.0
263,HH,A,5,6,0.8333333333333334,0.11805555555555555,0.7152777777777778,0.4,2173.2,2038.0,794.0,736.0
263,HH,P,5,6,0.8333333333333334,0.11805555555555555,0.7152777777777778,0.6,1790.8,1870.0,406.4,455.0
263,HL,A,3,6,0.5,0.11805555555555555,0.3819444444444444,0.3333333333333333,1892.0,1673.0,1252.6666666666667,1023.0
263,HL,P,3,6,0.5,0.11805555555555555,0.3819444444444444,1.0,2192.0,1876.0,924.6666666666666,1152.0
263,LH,A,4,6,0.6666666666666666,0.11805555555555555,0.548611111111111,0.5,1569.0,1528.5,733.5,407.0
263,LH,P,4,6,0.6666666666666666,0.11805555555555555,0.548611111111111,1.0,1488.0,1235.5,806.75,549.0
263,LL,A,4,6,0.6666666666666666,0.11805555555555555,0.548611111111111,0.5,1443.0,1488.0,1099.0,455.0
263,LL,P,6,6,1.0,0.11805555555555555,0.8819444444444444,0.5,1740.8333333333333,1597.0,406.8333333333333,234.0
264,HH,A,6,6,1.0,0.09722222222222222,0.9027777777777778,0.8333333333333334,1457.6666666666667,1364.5,870.0,653.0
264,HH,P,5,6,0.8333333333333334,0.09722222222222222,0.7361111111111112,1.0,1179.2,1086.0,868.8,693.0
264,HL,A,6,6,1.0,0.09722222222222222,0.9027777777777778,0.8333333333333334,1126.8333333333333,970.0,981.6666666666666,779.0
264,HL,P,6,6,1.0,0.09722222222222222,0.9027777777777778,0.8333333333333334,1298.6666666666667,1309.5,1035.6666666666667,879.5
264,LH,A,6,6,1.0,0.09722222222222222,0.9027777777777778,0.8333333333333334,1259.5,1224.5,1039.1666666666667,918.5
264,LH,P,6,6,1.0,0.09722222222222222,0.9027777777777778,1.0,1105.0,1063.5,1033.3333333333333,702.5
264,LL,A,5,6,0.8333333333333334,0.09722222222222222,0.7361111111111112,0.8,1203.4,1160.0,601.8,532.0
264,LL,P,5,6,0.8333333333333334,0.09722222222222222,0.7361111111111112,0.8,1075.2,1075.0,722.4,702.0
266,HH,A,5,6,0.8333333333333334,0.09027777777777778,0.7430555555555556,0.8,1134.2,963.0,693.4,339.0
266,HH,P,5,6,0.8333333333333334,0.09027777777777778,0.7430555555555556,0.4,1907.2,1649.0,1894.2,1137.0
266,HL,A,5,6,0.8333333333333334,0.09027777777777778,0.7430555555555556,0.8,2108.6,1752.0,469.8,481.0
266,HL,P,6,6,1.0,0.09027777777777778,0.9097222222222222,0.8333333333333334,1198.1666666666667,1181.0,1466.6666666666667,959.0
266,LH,A,4,6,0.6666666666666666,0.09027777777777778,0.5763888888888888,0.5,1089.75,1040.5,226.25,211.0
266,LH,P,6,6,1.0,0.09027777777777778,0.9097222222222222,0.8333333333333334,1285.0,1221.0,921.1666666666666,892.5
266,LL,A,5,6,0.8333333333333334,0.09027777777777778,0.7430555555555556,0.6,1428.0,1227.0,618.6,442.0
266,LL,P,6,6,1.0,0.09027777777777778,0.9097222222222222,0.8333333333333334,1507.0,1255.0,870.1666666666666,424.0
267,HH,A,6,6,1.0,0.1527777777777778,0.8472222222222222,0.5,1471.1666666666667,1499.0,1326.6666666666667,1204.5
267,HH,P,6,6,1.0,0.1527777777777778,0.8472222222222222,1.0,2034.6666666666667,2077.0,1020.1666666666666,499.5
267,HL,A,6,6,1.0,0.1527777777777778,0.8472222222222222,0.8333333333333334,1722.5,1662.0,1954.5,337.0
267,HL,P,5,6,0.8333333333333334,0.1527777777777778,0.6805555555555556,0.6,1449.4,1374.0,1179.6,201.0
267,LH,A,5,6,0.8333333333333334,0.1527777777777778,0.6805555555555556,0.8,1669.6,1631.0,570.4,348.0
267,LH,P,6,6,1.0,0.1527777777777778,0.8472222222222222,0.6666666666666666,1618.3333333333333,1414.5,213.66666666666666,172.5
267,LL,A,6,6,1.0,0.1527777777777778,0.8472222222222222,0.5,1890.0,1362.5,1206.6666666666667,280.5
267,LL,P,6,6,1.0,0.1527777777777778,0.8472222222222222,0.5,1667.0,1503.5,2022.8333333333333,2509.0
269,HH,A,6,6,1.0,0.034722222222222224,0.9652777777777778,0.8333333333333334,1215.3333333333333,1009.5,1512.8333333333333,825.0
269,HH,P,6,6,1.0,0.034722222222222224,0.9652777777777778,1.0,1367.1666666666667,1238.5,999.3333333333334,705.0
269,HL,A,4,6,0.6666666666666666,0.034722222222222224,0.6319444444444444,1.0,1367.0,1337.0,836.25,897.0
269,HL,P,6,6,1.0,0.034722222222222224,0.9652777777777778,0.8333333333333334,1339.1666666666667,1213.0,1305.5,785.0
269,LH,A,6,6,1.0,0.034722222222222224,0.9652777777777778,1.0,1236.6666666666667,965.0,856.5,556.5
269,LH,P,3,6,0.5,0.034722222222222224,0.4652777777777778,1.0,1353.3333333333333,1152.0,2297.0,1525.0
269,LL,A,4,6,0.6666666666666666,0.034722222222222224,0.6319444444444444,1.0,2369.5,2222.5,1643.5,1604.5
269,LL,P,6,6,1.0,0.034722222222222224,0.9652777777777778,0.6666666666666666,1258.3333333333333,1159.5,924.1666666666666,719.0
270,HH,A,1,6,0.16666666666666666,0.006944444444444444,0.1597222222222222,1.0,1874.0,1874.0,624.0,624.0
270,HH,P,4,6,0.6666666666666666,0.006944444444444444,0.6597222222222222,1.0,1657.25,1659.0,1717.25,1510.0
270,HL,A,5,6,0.8333333333333334,0.006944444444444444,0.826388888888889,0.8,2313.0,2655.0,1956.8,1002.0
270,HL,P,4,6,0.6666666666666666,0.006944444444444444,0.6597222222222222,1.0,1855.75,1863.5,2153.75,1781.5
270,LH,A,5,6,0.8333333333333334,0.006944444444444444,0.826388888888889,1.0,1744.6,1735.0,6588.2,2484.0
270,LH,P,5,6,0.8333333333333334,0.006944444444444444,0.826388888888889,1.0,1798.4,1792.0,2423.2,1903.0
270,LL,A,4,6,0.6666666666666666,0.006944444444444444,0.6597222222222222,0.75,1958.5,1685.0,1352.0,1337.5
270,LL,P,6,6,1.0,0.006944444444444444,0.9930555555555556,1.0,1967.6666666666667,1795.0,868.3333333333334,719.0
273,HH,A,3,6,0.5,0.041666666666666664,0.4583333333333333,1.0,1167.6666666666667,1044.0,1560.0,1360.0
273,HH,P,3,6,0.5,0.041666666666666664,0.4583333333333333,0.6666666666666666,1793.0,1598.0,1124.3333333333333,1269.0
273,HL,A,4,6,0.6666666666666666,0.041666666666666664,0.625,0.5,1096.75,1048.0,789.5,257.5
273,HL,P,5,6,0.8333333333333334,0.041666666666666664,0.7916666666666667,0.4,2118.6,2059.0,414.0,285.0
273,LH,A,4,6,0.6666666666666666,0.041666666666666664,0.625,0.5,1974.0,1513.5,717.5,804.0
273,LH,P,3,6,0.5,0.041666666666666664,0.4583333333333333,0.6666666666666666,2618.3333333333335,2629.0,1215.0,494.0
273,LL,A,4,6,0.6666666666666666,0.041666666666666664,0.625,0.75,1524.0,1390.0,751.25,339.0
273,LL,P,3,6,0.5,0.041666666666666664,0.4583333333333333,0.3333333333333333,1866.6666666666667,1613.0,367.6666666666667,405.0
276,HH,A,4,6,0.6666666666666666,0.09027777777777778,0.5763888888888888,0.75,1495.0,1335.0,519.0,436.5
276,HH,P,5,6,0.8333333333333334,0.09027777777777778,0.7430555555555556,0.8,2720.4,2556.0,824.4,450.0
276,HL,A,3,6,0.5,0.09027777777777778,0.4097222222222222,1.0,1665.0,1521.0,2127.3333333333335,2804.0
276,HL,P,4,6,0.6666666666666666,0.09027777777777778,0.5763888888888888,0.0,2433.25,2006.5,1389.75,1418.0
276,LH,A,5,6,0.8333333333333334,0.09027777777777778,0.7430555555555556,0.8,1877.6,1982.0,2149.6,2298.0
276,LH,P,6,6,1.0,0.09027777777777778,0.9097222222222222,1.0,2093.6666666666665,1943.0,1306.8333333333333,465.0
276,LL,A,5,6,0.8333333333333334,0.09027777777777778,0.7430555555555556,0.4,2001.4,1923.0,924.6,412.0
276,LL,P,3,6,0.5,0.09027777777777778,0.4097222222222222,0.6666666666666666,2377.3333333333335,2561.0,2327.0,666.0
277,HH,A,6,6,1.0,0.1736111111111111,0.8263888888888888,0.5,1508.1666666666667,1579.5,746.0,278.5
277,HH,P,6,6,1.0,0.1736111111111111,0.8263888888888888,0.8333333333333334,1855.0,1751.5,278.6666666666667,266.5
277,HL,A,5,6,0.8333333333333334,0.1736111111111111,0.6597222222222223,0.8,1150.8,1103.0,244.8,283.0
277,HL,P,6,6,1.0,0.1736111111111111,0.8263888888888888,0.8333333333333334,1411.6666666666667,1424.0,257.5,257.5
277,LH,A,6,6,1.0,0.1736111111111111,0.8263888888888888,0.8333333333333334,1499.0,1400.0,957.5,860.5
277,LH,P,6,6,1.0,0.1736111111111111,0.8263888888888888,0.8333333333333334,1932.5,1714.5,763.6666666666666,522.5
277,LL,A,6,6,1.0,0.1736111111111111,0.8263888888888888,0.8333333333333334,1584.1666666666667,1489.0,1255.5,431.5
277,LL,P,6,6,1.0,0.1736111111111111,0.8263888888888888,0.5,1733.3333333333333,1375.0,462.8333333333333,329.5
279,HH,A,6,6,1.0,0.06944444444444445,0.9305555555555556,1.0,1722.6666666666667,1777.0,762.0,470.0
279,HH,P,6,6,1.0,0.06944444444444445,0.9305555555555556,0.6666666666666666,2235.3333333333335,2225.0,1452.5,862.5
279,HL,A,6,6,1.0,0.06944444444444445,0.9305555555555556,0.5,1622.5,1521.5,1222.0,545.0
279,HL,P,6,6,1.0,0.06944444444444445,0.9305555555555556,0.6666666666666666,2066.6666666666665,1931.5,704.6666666666666,426.0
279,LH,A,5,6,0.8333333333333334,0.06944444444444445,0.763888888888889,0.8,1841.8,2052.0,498.8,383.0
279,LH,P,6,6,1.0,0.06944444444444445,0.9305555555555556,0.8333333333333334,2219.0,2102.0,276.0,216.5
279,LL,A,6,6,1.0,0.06944444444444445,0.9305555555555556,0.6666666666666666,1819.5,1562.5,438.1666666666667,270.5
279,LL,P,4,6,0.6666666666666666,0.06944444444444445,0.5972222222222222,0.5,2286.0,2455.0,1361.75,1147.0
280,HH,A,6,6,1.0,0.0763888888888889,0.9236111111111112,1.0,1790.1666666666667,1633.5,1818.5,1294.5
280,HH,P,6,6,1.0,0.0763888888888889,0.9236111111111112,1.0,1641.6666666666667,1342.0,767.3333333333334,852.0
280,HL,A,6,6,1.0,0.0763888888888889,0.9236111111111112,1.0,1632.0,1597.0,948.1666666666666,769.0
280,HL,P,6,6,1.0,0.0763888888888889,0.9236111111111112,0.8333333333333334,2036.1666666666667,2085.5,1575.1666666666667,1456.0
280,LH,A,6,6,1.0,0.0763888888888889,0.9236111111111112,0.8333333333333334,1553.8333333333333,1567.0,1309.6666666666667,803.5
280,LH,P,6,6,1.0,0.0763888888888889,0.9236111111111112,1.0,1454.5,1302.5,1460.8333333333333,432.0
280,LL,A,5,6,0.8333333333333334,0.0763888888888889,0.7569444444444444,1.0,1504.4,1482.0,1144.8,528.0
280,LL,P,6,6,1.0,0.0763888888888889,0.9236111111111112,0.8333333333333334,1676.6666666666667,1661.5,1987.1666666666667,591.5
281,HH,A,4,6,0.6666666666666666,0.3194444444444444,0.3472222222222222,0.75,1435.75,1498.5,354.75,353.0
281,HH,P,5,6,0.8333333333333334,0.3194444444444444,0.513888888888889,1.0,2038.2,1468.0,565.2,294.0
281,HL,A,6,6,1.0,0.3194444444444444,0.6805555555555556,0.8333333333333334,1553.1666666666667,1586.0,368.5,406.0
281,HL,P,5,6,0.8333333333333334,0.3194444444444444,0.513888888888889,0.4,1508.2,1300.0,352.6,329.0
281,LH,A,5,6,0.8333333333333334,0.3194444444444444,0.513888888888889,0.8,1628.6,1667.0,594.8,573.0
281,LH,P,3,6,0.5,0.3194444444444444,0.18055555555555558,1.0,1531.0,1479.0,554.3333333333334,522.0
281,LL,A,6,6,1.0,0.3194444444444444,0.6805555555555556,0.3333333333333333,1815.0,1894.0,686.6666666666666,339.5
281,LL,P,6,6,1.0,0.3194444444444444,0.6805555555555556,0.8333333333333334,1646.1666666666667,1716.0,342.0,360.0
282,HH,A,6,6,1.0,0.18055555555555555,0.8194444444444444,0.6666666666666666,1446.3333333333333,1194.0,403.3333333333333,141.0
282,HH,P,6,6,1.0,0.18055555555555555,0.8194444444444444,1.0,2048.5,1869.5,1198.0,577.5
282,HL,A,6,6,1.0,0.18055555555555555,0.8194444444444444,0.6666666666666666,1498.1666666666667,1481.5,2995.0,335.5
282,HL,P,5,6,0.8333333333333334,0.18055555555555555,0.6527777777777778,1.0,1917.4,1847.0,2542.0,3067.0
282,LH,A,5,6,0.8333333333333334,0.18055555555555555,0.6527777777777778,0.6,1498.8,1507.0,761.0,162.0
282,LH,P,6,6,1.0,0.18055555555555555,0.8194444444444444,0.6666666666666666,1593.1666666666667,1487.5,325.8333333333333,186.0
282,LL,A,4,6,0.6666666666666666,0.18055555555555555,0.48611111111111105,0.75,1378.0,1302.5,1209.25,715.0
282,LL,P,6,6,1.0,0.18055555555555555,0.8194444444444444,0.8333333333333334,1743.8333333333333,1584.5,3655.6666666666665,696.0
283,HH,A,4,6,0.6666666666666666,0.041666666666666664,0.625,0.5,1675.75,1541.5,2000.75,1331.0
283,HH,P,3,6,0.5,0.041666666666666664,0.4583333333333333,0.6666666666666666,1779.0,1674.0,6671.666666666667,6760.0
283,HL,A,3,6,0.5,0.041666666666666664,0.4583333333333333,0.6666666666666666,1928.6666666666667,1834.0,3167.0,1016.0
283,HL,P,3,6,0.5,0.041666666666666664,0.4583333333333333,0.3333333333333333,1852.3333333333333,1910.0,737.0,849.0
283,LH,A,4,6,0.6666666666666666,0.041666666666666664,0.625,0.75,1863.75,1917.5,1267.25,942.5
283,LH,P,3,6,0.5,0.041666666666666664,0.4583333333333333,0.6666666666666666,2123.0,1885.0,1304.0,1207.0
283,LL,A,3,6,0.5,0.041666666666666664,0.4583333333333333,0.3333333333333333,1926.0,1840.0,932.6666666666666,785.0
283,LL,P,3,6,0.5,0.041666666666666664,0.4583333333333333,1.0,1375.0,1361.0,864.6666666666666,884.0
285,HH,A,5,6,0.8333333333333334,0.041666666666666664,0.7916666666666667,1.0,1313.2,1235.0,510.4,588.0
285,HH,P,6,6,1.0,0.041666666666666664,0.9583333333333334,0.5,1494.8333333333333,1486.5,839.5,662.0
285,HL,A,6,6,1.0,0.041666666666666664,0.9583333333333334,0.8333333333333334,1326.6666666666667,1327.5,517.6666666666666,483.5
285,HL,P,6,6,1.0,0.041666666666666664,0.9583333333333334,0.8333333333333334,1704.3333333333333,1621.5,728.3333333333334,703.0
285,LH,A,6,6,1.0,0.041666666666666664,0.9583333333333334,0.8333333333333334,1203.0,1099.5,366.1666666666667,354.0
285,LH,P,6,6,1.0,0.041666666666666664,0.9583333333333334,1.0,1393.5,1270.5,437.3333333333333,427.0
285,LL,A,6,6,1.0,0.041666666666666664,0.9583333333333334,0.8333333333333334,1427.1666666666667,1308.0,978.0,537.5
285,LL,P,5,6,0.8333333333333334,0.041666666666666664,0.7916666666666667,1.0,1311.0,1368.0,790.4,461.0
286,HH,A,3,6,0.5,0.09027777777777778,0.4097222222222222,0.6666666666666666,1798.3333333333333,1835.0,741.6666666666666,926.0
286,HH,P,3,6,0.5,0.09027777777777778,0.4097222222222222,0.3333333333333333,1716.6666666666667,1695.0,455.6666666666667,304.0
286,HL,A,5,6,0.8333333333333334,0.09027777777777778,0.7430555555555556,1.0,1966.2,1602.0,656.2,714.0
286,HL,P,2,6,0.3333333333333333,0.09027777777777778,0.24305555555555552,1.0,1583.0,1583.0,868.5,868.5
286,LH,A,5,6,0.8333333333333334,0.09027777777777778,0.7430555555555556,0.8,1281.4,1376.0,878.4,672.0
286,LH,P,3,6,0.5,0.09027777777777778,0.4097222222222222,0.6666666666666666,1462.0,1395.0,532.0,635.0
286,LL,A,3,6,0.5,0.09027777777777778,0.4097222222222222,0.6666666666666666,1694.3333333333333,1888.0,1273.6666666666667,1245.0
286,LL,P,4,6,0.6666666666666666,0.09027777777777778,0.5763888888888888,1.0,2105.75,2164.0,868.5,889.5
289,HH,A,3,6,0.5,0.10416666666666667,0.3958333333333333,0.6666666666666666,2097.0,2152.0,455.6666666666667,366.0
289,HH,P,5,6,0.8333333333333334,0.10416666666666667,0.7291666666666667,1.0,2096.8,2125.0,580.6,388.0
289,HL,A,6,6,1.0,0.10416666666666667,0.8958333333333334,0.5,1592.8333333333333,1428.0,646.1666666666666,326.0
289,HL,P,4,6,0.6666666666666666,0.10416666666666667,0.5625,1.0,1851.5,1823.5,451.0,446.0
289,LH,A,6,6,1.0,0.10416666666666667,0.8958333333333334,0.5,2099.5,2063.0,1283.6666666666667,508.5
289,LH,P,6,6,1.0,0.10416666666666667,0.8958333333333334,0.6666666666666666,1977.8333333333333,2015.5,811.0,839.0
289,LL,A,6,6,1.0,0.10416666666666667,0.8958333333333334,0.8333333333333334,1979.0,1893.5,886.3333333333334,584.0
289,LL,P,5,6,0.8333333333333334,0.10416666666666667,0.7291666666666667,0.6,2145.6,2219.0,1729.2,749.0
290,HH,A,6,6,1.0,0.06944444444444445,0.9305555555555556,0.8333333333333334,1657.8333333333333,1493.5,1878.5,1373.5
290,HH,P,6,6,1.0,0.06944444444444445,0.9305555555555556,1.0,1746.0,1770.0,3134.6666666666665,2656.0
290,HL,A,6,6,1.0,0.06944444444444445,0.9305555555555556,0.8333333333333334,1360.1666666666667,1405.5,2103.6666666666665,1726.0
290,HL,P,5,6,0.8333333333333334,0.06944444444444445,0.763888888888889,0.6,1374.0,1414.0,2745.6,908.0
290,LH,A,4,6,0.6666666666666666,0.06944444444444445,0.5972222222222222,0.75,1463.0,1563.5,2822.5,1380.0
290,LH,P,6,6,1.0,0.06944444444444445,0.9305555555555556,0.6666666666666666,2618.3333333333335,2750.0,1863.6666666666667,1872.0
290,LL,A,6,6,1.0,0.06944444444444445,0.9305555555555556,0.6666666666666666,2291.1666666666665,1942.0,3920.5,3289.5
290,LL,P,6,6,1.0,0.06944444444444445,0.9305555555555556,1.0,1667.8333333333333,1641.5,2476.0,1308.0
292,HH,A,5,6,0.8333333333333334,0.2986111111111111,0.5347222222222223,1.0,1266.0,1042.0,696.2,865.0
292,HH,P,6,6,1.0,0.2986111111111111,0.7013888888888888,0.3333333333333333,1223.8333333333333,1199.5,703.8333333333334,724.0
292,HL,A,6,6,1.0,0.2986111111111111,0.7013888888888888,0.5,1024.3333333333333,1004.5,878.5,903.5
292,HL,P,5,6,0.8333333333333334,0.2986111111111111,0.5347222222222223,0.8,1221.2,1179.0,868.4,831.0
292,LH,A,6,6,1.0,0.2986111111111111,0.7013888888888888,0.5,958.8333333333334,923.5,941.0,1075.5
292,LH,P,6,6,1.0,0.2986111111111111,0.7013888888888888,0.8333333333333334,1163.8333333333333,1217.5,753.8333333333334,623.5
292,LL,A,4,6,0.6666666666666666,0.2986111111111111,0.3680555555555555,0.75,1457.75,1259.0,833.0,723.0
292,LL,P,6,6,1.0,0.2986111111111111,0.7013888888888888,0.8333333333333334,1105.6666666666667,1164.5,757.0,751.5
293,HH,A,5,6,0.8333333333333334,0.0625,0.7708333333333334,1.0,1733.6,1322.0,1239.2,1000.0
293,HH,P,6,6,1.0,0.0625,0.9375,0.8333333333333334,1876.6666666666667,1807.5,1048.3333333333333,1163.0
293,HL,A,5,6,0.8333333333333334,0.0625,0.7708333333333334,0.8,2031.0,1842.0,868.4,899.0
293,HL,P,6,6,1.0,0.0625,0.9375,0.8333333333333334,2096.6666666666665,2254.5,1031.0,688.5
293,LH,A,5,6,0.8333333333333334,0.0625,0.7708333333333334,0.8,1742.4,1772.0,1754.6,1276.0
293,LH,P,5,6,0.8333333333333334,0.0625,0.7708333333333334,0.8,1639.8,1880.0,1418.2,843.0
293,LL,A,6,6,1.0,0.0625,0.9375,0.5,1493.0,1361.0,969.8333333333334,994.5
293,LL,P,4,6,0.6666666666666666,0.0625,0.6041666666666666,0.75,1925.5,1624.0,1444.5,1468.5
294,HH,A,4,4,1.0,0.19791666666666666,0.8020833333333334,1.0,1518.75,1411.0,569.75,392.0
294,HH,P,4,4,1.0,0.19791666666666666,0.8020833333333334,0.25,1597.5,1629.5,482.25,479.5
294,HL,A,4,4,1.0,0.19791666666666666,0.8020833333333334,0.5,942.5,996.0,404.5,380.0
294,HL,P,4,4,1.0,0.19791666666666666,0.8020833333333334,0.75,2075.25,2021.0,1066.0,803.5
294,LH,A,4,4,1.0,0.19791666666666666,0.8020833333333334,0.5,2221.25,2415.5,800.5,715.5
294,LH,P,3,4,0.75,0.19791666666666666,0.5520833333333334,0.3333333333333333,1323.6666666666667,1315.0,413.6666666666667,269.0
294,LL,A,3,4,0.75,0.19791666666666666,0.5520833333333334,0.6666666666666666,1216.3333333333333,1128.0,532.6666666666666,639.0
294,LL,P,4,4,1.0,0.19791666666666666,0.8020833333333334,0.5,1352.0,1458.5,377.25,381.0
295,HH,A,5,6,0.8333333333333334,0.034722222222222224,0.7986111111111112,1.0,1827.8,1932.0,1241.4,806.0
295,HH,P,6,6,1.0,0.034722222222222224,0.9652777777777778,0.8333333333333334,1721.8333333333333,1476.5,1164.0,725.5
295,HL,A,6,6,1.0,0.034722222222222224,0.9652777777777778,0.8333333333333334,1633.0,1541.0,884.6666666666666,808.0
295,HL,P,6,6,1.0,0.034722222222222224,0.9652777777777778,0.6666666666666666,1722.3333333333333,1625.5,1151.8333333333333,1002.5
295,LH,A,5,6,0.8333333333333334,0.034722222222222224,0.7986111111111112,1.0,1284.6,1329.0,870.0,689.0
295,LH,P,6,6,1.0,0.034722222222222224,0.9652777777777778,0.5,1686.8333333333333,1574.0,925.6666666666666,847.5
295,LL,A,5,6,0.8333333333333334,0.034722222222222224,0.7986111111111112,1.0,1344.0,1443.0,713.4,736.0
295,LL,P,5,6,0.8333333333333334,0.034722222222222224,0.7986111111111112,0.8,2143.0,1769.0,884.8,864.0
296,HH,A,5,6,0.8333333333333334,0.09027777777777778,0.7430555555555556,0.8,1523.2,1438.0,1522.8,1448.0
296,HH,P,5,6,0.8333333333333334,0.09027777777777778,0.7430555555555556,0.8,1743.2,1669.0,1439.6,1016.0
296,HL,A,6,6,1.0,0.09027777777777778,0.9097222222222222,0.8333333333333334,2028.5,1938.5,1461.0,1103.5
296,HL,P,6,6,1.0,0.09027777777777778,0.9097222222222222,0.8333333333333334,1744.1666666666667,1707.0,1874.1666666666667,1755.0
296,LH,A,5,6,0.8333333333333334,0.09027777777777778,0.7430555555555556,0.8,1385.0,1457.0,1655.6,1504.0
296,LH,P,6,6,1.0,0.09027777777777778,0.9097222222222222,0.5,1249.5,1129.5,1206.0,1031.0
296,LL,A,4,6,0.6666666666666666,0.09027777777777778,0.5763888888888888,0.75,1283.0,1140.5,2039.25,1999.0
296,LL,P,6,6,1.0,0.09027777777777778,0.9097222222222222,1.0,1667.8333333333333,1516.0,3563.3333333333335,2535.0
297,HH,A,3,4,0.75,0.22916666666666666,0.5208333333333334,0.3333333333333333,1426.6666666666667,1682.0,924.0,850.0
297,HH,P,4,4,1.0,0.22916666666666666,0.7708333333333334,0.5,1598.0,1711.0,1197.0,1144.5
297,HL,A,4,4,1.0,0.22916666666666666,0.7708333333333334,0.75,1391.0,1356.5,1048.25,1024.5
297,HL,P,4,4,1.0,0.22916666666666666,0.7708333333333334,0.25,1526.0,1251.5,1543.25,1508.5
297,LH,A,3,4,0.75,0.22916666666666666,0.5208333333333334,0.6666666666666666,1401.6666666666667,1423.0,550.0,619.0
297,LH,P,4,4,1.0,0.22916666666666666,0.7708333333333334,0.75,1432.0,1470.5,539.5,506.0
297,LL,A,4,4,1.0,0.22916666666666666,0.7708333333333334,0.75,1812.0,1612.0,943.0,1012.0
297,LL,P,3,4,0.75,0.22916666666666666,0.5208333333333334,1.0,1465.6666666666667,1246.0,327.0,379.0
298,HH,A,5,6,0.8333333333333334,0.06944444444444445,0.763888888888889,0.8,1453.2,1478.0,897.8,510.0
298,HH,P,4,6,0.6666666666666666,0.06944444444444445,0.5972222222222222,0.75,1610.0,1448.5,578.0,549.0
298,HL,A,4,6,0.6666666666666666,0.06944444444444445,0.5972222222222222,0.75,1572.0,1655.0,492.25,505.0
298,HL,P,4,6,0.6666666666666666,0.06944444444444445,0.5972222222222222,0.75,1478.75,1551.5,648.25,433.5
298,LH,A,3,6,0.5,0.06944444444444445,0.4305555555555556,0.6666666666666666,2001.3333333333333,2327.0,2816.3333333333335,3734.0
298,LH,P,5,6,0.8333333333333334,0.06944444444444445,0.763888888888889,0.6,1409.8,1424.0,424.0,391.0
298,LL,A,3,6,0.5,0.06944444444444445,0.4305555555555556,1.0,1323.3333333333333,1125.0,1392.3333333333333,579.0
298,LL,P,2,6,0.3333333333333333,0.06944444444444445,0.26388888888888884,1.0,2955.5,2955.5,805.0,805.0
302,HH,A,6,6,1.0,0.1527777777777778,0.8472222222222222,0.6666666666666666,1341.1666666666667,1265.5,601.1666666666666,455.5
302,HH,P,4,6,0.6666666666666666,0.1527777777777778,0.5138888888888888,1.0,1983.75,1800.5,471.25,416.0
302,HL,A,5,6,0.8333333333333334,0.1527777777777778,0.6805555555555556,0.8,1412.2,1694.0,600.2,560.0
302,HL,P,5,6,0.8333333333333334,0.1527777777777778,0.6805555555555556,0.4,1738.2,1410.0,632.0,327.0
302,LH,A,6,6,1.0,0.1527777777777778,0.8472222222222222,0.8333333333333334,1652.0,1537.0,652.8333333333334,485.5
302,LH,P,3,6,0.5,0.1527777777777778,0.3472222222222222,0.3333333333333333,1468.6666666666667,1239.0,1004.6666666666666,773.0
302,LL,A,3,6,0.5,0.1527777777777778,0.3472222222222222,0.3333333333333333,2092.0,1890.0,470.0,373.0
302,LL,P,5,6,0.8333333333333334,0.1527777777777778,0.6805555555555556,0.8,1570.6,1487.0,558.2,520.0
303,HH,A,5,6,0.8333333333333334,0.041666666666666664,0.7916666666666667,0.6,2204.4,2149.0,3467.2,2815.0
303,HH,P,6,6,1.0,0.041666666666666664,0.9583333333333334,0.6666666666666666,2206.3333333333335,2284.0,1011.5,1087.0
303,HL,A,6,6,1.0,0.041666666666666664,0.9583333333333334,1.0,2276.8333333333335,2250.0,2033.3333333333333,1719.0
303,HL,P,5,6,0.8333333333333334,0.041666666666666664,0.7916666666666667,1.0,2153.0,1756.0,1336.6,909.0
303,LH,A,6,6,1.0,0.041666666666666664,0.9583333333333334,1.0,2438.3333333333335,2446.0,1990.0,1913.0
303,LH,P,4,6,0.6666666666666666,0.041666666666666664,0.625,0.5,2211.0,2168.0,1962.5,1898.0
303,LL,A,4,6,0.6666666666666666,0.041666666666666664,0.625,0.25,2453.5,2227.0,3344.75,2209.0
303,LL,P,6,6,1.0,0.041666666666666664,0.9583333333333334,0.8333333333333334,2014.5,1980.5,1132.8333333333333,1013.0
304,HH,A,5,6,0.8333333333333334,0.14583333333333334,0.6875,1.0,2250.8,2312.0,733.8,589.0
304,HH,P,3,6,0.5,0.14583333333333334,0.35416666666666663,1.0,1897.6666666666667,1693.0,2278.3333333333335,404.0
304,HL,A,4,6,0.6666666666666666,0.14583333333333334,0.5208333333333333,0.75,2040.5,1898.0,2090.25,2083.0
304,HL,P,4,6,0.6666666666666666,0.14583333333333334,0.5208333333333333,0.75,1850.75,1913.0,867.75,935.5
304,LH,A,6,6,1.0,0.14583333333333334,0.8541666666666666,0.8333333333333334,2157.8333333333335,2277.0,2040.0,832.0
304,LH,P,6,6,1.0,0.14583333333333334,0.8541666666666666,1.0,1937.8333333333333,1556.0,1097.6666666666667,1140.0
304,LL,A,4,6,0.6666666666666666,0.14583333333333334,0.5208333333333333,1.0,1542.75,1547.0,856.75,882.5
304,LL,P,3,6,0.5,0.14583333333333334,0.35416666666666663,1.0,1648.3333333333333,1749.0,1339.3333333333333,546.0
305,HH,A,6,6,1.0,0.1111111111111111,0.8888888888888888,1.0,1409.8333333333333,1384.5,527.6666666666666,559.5
305,HH,P,6,6,1.0,0.1111111111111111,0.8888888888888888,0.8333333333333334,1912.5,1787.5,672.6666666666666,721.5
305,HL,A,6,6,1.0,0.1111111111111111,0.8888888888888888,1.0,1479.0,1576.5,334.1666666666667,299.5
305,HL,P,6,6,1.0,0.1111111111111111,0.8888888888888888,1.0,1948.3333333333333,1608.0,627.5,236.5
305,LH,A,6,6,1.0,0.1111111111111111,0.8888888888888888,1.0,1401.6666666666667,1506.0,488.6666666666667,389.0
305,LH,P,6,6,1.0,0.1111111111111111,0.8888888888888888,0.8333333333333334,1218.1666666666667,1275.0,258.3333333333333,247.0
305,LL,A,6,6,1.0,0.1111111111111111,0.8888888888888888,0.8333333333333334,1953.6666666666667,1871.0,624.0,604.5
305,LL,P,6,6,1.0,0.1111111111111111,0.8888888888888888,1.0,2091.6666666666665,2159.0,770.6666666666666,766.5
307,HH,A,6,6,1.0,0.14583333333333334,0.8541666666666666,1.0,1038.8333333333333,1034.5,4357.333333333333,1703.5
307,HH,P,6,6,1.0,0.14583333333333334,0.8541666666666666,1.0,1052.0,1050.0,1174.3333333333333,1167.5
307,HL,A,6,6,1.0,0.14583333333333334,0.8541666666666666,0.8333333333333334,869.1666666666666,916.5,3520.8333333333335,2537.5
307,HL,P,6,6,1.0,0.14583333333333334,0.8541666666666666,0.8333333333333334,916.8333333333334,901.5,1861.3333333333333,1607.0
307,LH,A,6,6,1.0,0.14583333333333334,0.8541666666666666,0.8333333333333334,874.1666666666666,834.0,1223.1666666666667,818.0
307,LH,P,6,6,1.0,0.14583333333333334,0.8541666666666666,0.6666666666666666,911.3333333333334,865.0,1463.6666666666667,1170.5
307,LL,A,6,6,1.0,0.14583333333333334,0.8541666666666666,0.8333333333333334,827.3333333333334,841.0,1519.8333333333333,1291.0
307,LL,P,6,6,1.0,0.14583333333333334,0.8541666666666666,0.6666666666666666,962.6666666666666,895.0,1429.0,1120.0
308,HH,A,5,6,0.8333333333333334,0.2361111111111111,0.5972222222222223,0.6,1859.2,1854.0,1610.6,863.0
308,HH,P,5,6,0.8333333333333334,0.2361111111111111,0.5972222222222223,0.4,1992.4,1847.0,1958.2,1032.0
308,HL,A,5,6,0.8333333333333334,0.2361111111111111,0.5972222222222223,0.6,1799.6,1764.0,1511.2,780.0
308,HL,P,6,6,1.0,0.2361111111111111,0.7638888888888888,0.8333333333333334,2244.5,2072.5,1354.8333333333333,890.0
308,LH,A,5,6,0.8333333333333334,0.2361111111111111,0.5972222222222223,0.4,1689.2,1797.0,818.6,608.0
308,LH,P,6,6,1.0,0.2361111111111111,0.7638888888888888,1.0,1912.6666666666667,2101.5,1099.5,1026.5
308,LL,A,5,6,0.8333333333333334,0.2361111111111111,0.5972222222222223,0.8,1609.6,1741.0,2169.6,1967.0
308,LL,P,6,6,1.0,0.2361111111111111,0.7638888888888888,0.8333333333333334,1967.6666666666667,2025.5,1504.8333333333333,1099.5
309,HH,A,3,6,0.5,0.034722222222222224,0.4652777777777778,0.6666666666666666,1790.3333333333333,1394.0,533.0,592.0
309,HH,P,2,6,0.3333333333333333,0.034722222222222224,0.2986111111111111,1.0,1615.5,1615.5,874.0,874.0
309,HL,A,2,6,0.3333333333333333,0.034722222222222224,0.2986111111111111,0.5,2041.0,2041.0,312.0,312.0
309,HL,P,0,6,0.0,0.034722222222222224,-0.034722222222222224,,,,,
309,LH,A,0,6,0.0,0.034722222222222224,-0.034722222222222224,,,,,
309,LH,P,1,6,0.16666666666666666,0.034722222222222224,0.13194444444444442,0.0,2963.0,2963.0,2204.0,2204.0
309,LL,A,0,6,0.0,0.034722222222222224,-0.034722222222222224,,,,,
309,LL,P,1,6,0.16666666666666666,0.034722222222222224,0.13194444444444442,1.0,1278.0,1278.0,288.0,288.0
310,HH,A,6,6,1.0,0.0763888888888889,0.9236111111111112,0.5,1479.6666666666667,1314.5,1547.8333333333333,1381.0
310,HH,P,4,6,0.6666666666666666,0.0763888888888889,0.5902777777777777,0.5,2008.0,1521.5,2139.5,2067.0
310,HL,A,6,6,1.0,0.0763888888888889,0.9236111111111112,0.6666666666666666,1337.8333333333333,1214.5,1494.3333333333333,640.0
310,HL,P,6,6,1.0,0.0763888888888889,0.9236111111111112,0.6666666666666666,1818.3333333333333,1570.5,682.3333333333334,479.0
310,LH,A,6,6,1.0,0.0763888888888889,0.9236111111111112,0.3333333333333333,1599.0,1403.5,882.5,870.5
310,LH,P,5,6,0.8333333333333334,0.0763888888888889,0.7569444444444444,0.6,1158.8,1161.0,892.4,840.0
310,LL,A,5,6,0.8333333333333334,0.0763888888888889,0.7569444444444444,1.0,1351.4,1177.0,663.2,388.0
310,LL,P,2,6,0.3333333333333333,0.0763888888888889,0.2569444444444444,0.0,1503.0,1503.0,3376.5,3376.5
311,HH,A,6,6,1.0,0.10416666666666667,0.8958333333333334,0.6666666666666666,1719.1666666666667,1693.5,1504.0,1798.0
311,HH,P,5,6,0.8333333333333334,0.10416666666666667,0.7291666666666667,0.4,2009.8,1751.0,1263.0,1511.0
311,HL,A,5,6,0.8333333333333334,0.10416666666666667,0.7291666666666667,1.0,2140.4,1912.0,1472.0,1167.0
311,HL,P,6,6,1.0,0.10416666666666667,0.8958333333333334,1.0,1969.0,2039.5,2130.6666666666665,1262.0
311,LH,A,6,6,1.0,0.10416666666666667,0.8958333333333334,0.8333333333333334,2176.6666666666665,2191.0,1038.1666666666667,1092.0
311,LH,P,6,6,1.0,0.10416666666666667,0.8958333333333334,0.6666666666666666,1921.1666666666667,1718.0,1007.6666666666666,811.5
311,LL,A,6,6,1.0,0.10416666666666667,0.8958333333333334,0.8333333333333334,2118.8333333333335,2120.5,1228.8333333333333,930.5
311,LL,P,4,6,0.6666666666666666,0.10416666666666667,0.5625,0.5,1678.25,1654.5,672.5,761.5
312,HH,A,6,6,1.0,0.125,0.875,0.8333333333333334,1790.1666666666667,1993.5,1437.1666666666667,371.5
312,HH,P,6,6,1.0,0.125,0.875,0.6666666666666666,1886.5,1552.0,1900.6666666666667,411.5
312,HL,A,6,6,1.0,0.125,0.875,0.8333333333333334,1540.5,1462.0,440.6666666666667,339.5
312,HL,P,4,6,0.6666666666666666,0.125,0.5416666666666666,1.0,1811.0,1908.0,968.5,473.0
312,LH,A,5,6,0.8333333333333334,0.125,0.7083333333333334,0.8,2114.4,1753.0,2172.6,325.0
312,LH,P,6,6,1.0,0.125,0.875,0.5,1534.5,1352.0,1937.6666666666667,765.5
312,LL,A,5,6,0.8333333333333334,0.125,0.7083333333333334,1.0,1474.6,1446.0,1522.0,1268.0
312,LL,P,5,6,0.8333333333333334,0.125,0.7083333333333334,0.8,2168.8,2195.0,1332.2,476.0
313,HH,A,5,6,0.8333333333333334,0.3333333333333333,0.5,0.8,1316.2,1231.0,960.4,286.0
313,HH,P,6,6,1.0,0.3333333333333333,0.6666666666666667,1.0,1458.1666666666667,1365.5,935.8333333333334,632.0
313,HL,A,6,6,1.0,0.3333333333333333,0.6666666666666667,0.6666666666666666,1029.6666666666667,1036.5,960.1666666666666,838.5
313,HL,P,6,6,1.0,0.3333333333333333,0.6666666666666667,0.8333333333333334,1292.8333333333333,1345.5,694.8333333333334,577.0
313,LH,A,6,6,1.0,0.3333333333333333,0.6666666666666667,1.0,1034.8333333333333,978.0,1012.0,620.5
313,LH,P,5,6,0.8333333333333334,0.3333333333333333,0.5,0.4,1096.2,1174.0,438.8,324.0
313,LL,A,6,6,1.0,0.3333333333333333,0.6666666666666667,0.6666666666666666,1333.5,1355.5,678.5,748.0
313,LL,P,6,6,1.0,0.3333333333333333,0.6666666666666667,0.5,1407.3333333333333,1491.0,523.8333333333334,496.0
314,HH,A,5,6,0.8333333333333334,0.1111111111111111,0.7222222222222223,0.8,1314.0,1185.0,546.0,353.0
314,HH,P,6,6,1.0,0.1111111111111111,0.8888888888888888,0.8333333333333334,1898.0,1750.5,640.0,739.0
314,HL,A,6,6,1.0,0.1111111111111111,0.8888888888888888,0.8333333333333334,1381.6666666666667,1220.0,405.6666666666667,273.0
314,HL,P,5,6,0.8333333333333334,0.1111111111111111,0.7222222222222223,0.4,1538.8,1415.0,989.2,597.0
314,LH,A,5,6,0.8333333333333334,0.1111111111111111,0.7222222222222223,0.8,1647.8,1596.0,360.6,336.0
314,LH,P,6,6,1.0,0.1111111111111111,0.8888888888888888,0.8333333333333334,1668.3333333333333,1398.5,492.3333333333333,363.5
314,LL,A,5,6,0.8333333333333334,0.1111111111111111,0.7222222222222223,0.6,1216.8,1260.0,528.2,351.0
314,LL,P,4,6,0.6666666666666666,0.1111111111111111,0.5555555555555556,0.75,1754.5,1656.0,538.0,428.5
316,HH,A,6,6,1.0,0.125,0.875,0.5,1650.8333333333333,1501.5,1706.6666666666667,1344.5
316,HH,P,6,6,1.0,0.125,0.875,0.8333333333333334,1868.0,1879.5,1237.5,948.0
316,HL,A,6,6,1.0,0.125,0.875,0.6666666666666666,1180.6666666666667,1160.5,1099.0,1102.5
316,HL,P,6,6,1.0,0.125,0.875,0.8333333333333334,1564.3333333333333,1504.5,1217.6666666666667,923.5
316,LH,A,4,6,0.6666666666666666,0.125,0.5416666666666666,1.0,1420.5,1384.5,1406.0,1087.0
316,LH,P,6,6,1.0,0.125,0.875,0.5,1546.5,1203.5,1320.6666666666667,1196.5
316,LL,A,4,6,0.6666666666666666,0.125,0.5416666666666666,1.0,1636.75,1213.0,732.75,734.0
316,LL,P,6,6,1.0,0.125,0.875,0.5,1744.0,1650.0,1063.5,850.5
317,HH,A,6,6,1.0,0.1875,0.8125,0.8333333333333334,1758.5,1418.5,1981.5,1564.0
317,HH,P,6,6,1.0,0.1875,0.8125,0.3333333333333333,1211.5,1168.0,1210.5,564.0
317,HL,A,6,6,1.0,0.1875,0.8125,0.8333333333333334,1286.5,1046.0,1725.0,1426.5
317,HL,P,3,6,0.5,0.1875,0.3125,0.6666666666666666,1359.0,1076.0,1397.6666666666667,816.0
317,LH,A,5,6,0.8333333333333334,0.1875,0.6458333333333334,0.8,1417.6,1488.0,913.8,808.0
317,LH,P,4,6,0.6666666666666666,0.1875,0.47916666666666663,1.0,1442.5,1436.5,1804.0,1924.0
317,LL,A,5,6,0.8333333333333334,0.1875,0.6458333333333334,0.8,1522.4,1348.0,1239.4,1223.0
317,LL,P,5,6,0.8333333333333334,0.1875,0.6458333333333334,0.8,1382.0,1264.0,856.6,916.0
318,HH,A,6,6,1.0,0.10416666666666667,0.8958333333333334,0.8333333333333334,1788.5,1739.0,463.5,431.0
318,HH,P,6,6,1.0,0.10416666666666667,0.8958333333333334,0.8333333333333334,1906.8333333333333,1847.0,565.3333333333334,555.5
318,HL,A,6,6,1.0,0.10416666666666667,0.8958333333333334,0.8333333333333334,1737.1666666666667,1797.5,1446.8333333333333,583.0
318,HL,P,5,6,0.8333333333333334,0.10416666666666667,0.7291666666666667,1.0,1775.8,1744.0,1030.2,389.0
318,LH,A,5,6,0.8333333333333334,0.10416666666666667,0.7291666666666667,1.0,2109.2,1767.0,866.6,683.0
318,LH,P,5,6,0.8333333333333334,0.10416666666666667,0.7291666666666667,1.0,1739.8,1538.0,856.4,698.0
318,LL,A,6,6,1.0,0.10416666666666667,0.8958333333333334,0.5,1635.3333333333333,1755.0,1735.6666666666667,1203.5
318,LL,P,5,6,0.8333333333333334,0.10416666666666667,0.7291666666666667,0.8,1847.0,1762.0,638.8,598.0
322,HH,A,5,6,0.8333333333333334,0.18055555555555555,0.6527777777777778,0.6,1401.4,1378.0,908.0,804.0
322,HH,P,4,6,0.6666666666666666,0.18055555555555555,0.48611111111111105,1.0,1690.75,1304.5,752.25,792.5
322,HL,A,6,6,1.0,0.18055555555555555,0.8194444444444444,0.5,1241.3333333333333,1231.0,646.6666666666666,630.0
322,HL,P,4,6,0.6666666666666666,0.18055555555555555,0.48611111111111105,1.0,2192.25,1931.0,711.25,461.5
322,LH,A,5,6,0.8333333333333334,0.18055555555555555,0.6527777777777778,1.0,1691.6,1597.0,800.8,663.0
322,LH,P,5,6,0.8333333333333334,0.18055555555555555,0.6527777777777778,0.4,1343.8,1225.0,596.4,647.0
322,LL,A,5,6,0.8333333333333334,0.18055555555555555,0.6527777777777778,0.8,1407.6,1440.0,753.6,310.0
322,LL,P,5,6,0.8333333333333334,0.18055555555555555,0.6527777777777778,0.4,1354.4,1223.0,1337.8,1024.0
323,HH,A,6,6,1.0,0.04861111111111111,0.9513888888888888,0.5,1889.1666666666667,1878.0,509.5,273.0
323,HH,P,5,6,0.8333333333333334,0.04861111111111111,0.7847222222222222,1.0,1684.8,1672.0,955.6,145.0
323,HL,A,5,6,0.8333333333333334,0.04861111111111111,0.7847222222222222,1.0,1472.2,1411.0,145.4,155.0
323,HL,P,6,6,1.0,0.04861111111111111,0.9513888888888888,0.6666666666666666,2247.0,2291.0,1054.8333333333333,328.0
323,LH,A,6,6,1.0,0.04861111111111111,0.9513888888888888,0.8333333333333334,1559.0,1424.5,971.3333333333334,152.0
323,LH,P,6,6,1.0,0.04861111111111111,0.9513888888888888,0.8333333333333334,1501.6666666666667,1503.5,669.5,221.0
323,LL,A,6,6,1.0,0.04861111111111111,0.9513888888888888,0.8333333333333334,1875.0,1599.0,852.6666666666666,304.5
323,LL,P,6,6,1.0,0.04861111111111111,0.9513888888888888,0.6666666666666666,2170.1666666666665,2270.0,371.0,199.0
325,HH,A,4,6,0.6666666666666666,0.09027777777777778,0.5763888888888888,0.5,1280.25,1268.0,312.75,284.0
325,HH,P,5,6,0.8333333333333334,0.09027777777777778,0.7430555555555556,0.6,1873.2,1976.0,766.4,296.0
325,HL,A,2,6,0.3333333333333333,0.09027777777777778,0.24305555555555552,0.5,2067.5,2067.5,1184.0,1184.0
325,HL,P,5,6,0.8333333333333334,0.09027777777777778,0.7430555555555556,0.8,2364.8,2144.0,1120.2,921.0
325,LH,A,3,6,0.5,0.09027777777777778,0.4097222222222222,1.0,1893.3333333333333,1768.0,682.6666666666666,322.0
325,LH,P,4,6,0.6666666666666666,0.09027777777777778,0.5763888888888888,1.0,1808.0,1835.0,555.5,454.5
325,LL,A,1,6,0.16666666666666666,0.09027777777777778,0.07638888888888888,1.0,2978.0,2978.0,336.0,336.0
325,LL,P,6,6,1.0,0.09027777777777778,0.9097222222222222,0.6666666666666666,2624.0,2685.5,721.5,332.0
326,HH,A,3,6,0.5,0.1111111111111111,0.3888888888888889,0.6666666666666666,1172.3333333333333,1225.0,460.0,451.0
326,HH,P,4,6,0.6666666666666666,0.1111111111111111,0.5555555555555556,1.0,1316.5,1232.5,445.0,309.5
326,HL,A,4,6,0.6666666666666666,0.1111111111111111,0.5555555555555556,0.75,1189.75,999.0,424.0,271.5
326,HL,P,6,6,1.0,0.1111111111111111,0.8888888888888888,0.5,1158.3333333333333,1107.5,307.6666666666667,256.0
326,LH,A,5,6,0.8333333333333334,0.1111111111111111,0.7222222222222223,1.0,1567.6,1373.0,364.6,354.0
326,LH,P,4,6,0.6666666666666666,0.1111111111111111,0.5555555555555556,0.5,1021.25,991.5,363.5,312.0
326,LL,A,5,6,0.8333333333333334,0.1111111111111111,0.7222222222222223,0.6,1428.4,1276.0,245.4,270.0
326,LL,P,6,6,1.0,0.1111111111111111,0.8888888888888888,0.8333333333333334,1683.8333333333333,1613.0,280.3333333333333,284.5
327,HH,A,5,6,0.8333333333333334,0.08333333333333333,0.75,0.6,1675.0,1503.0,231.4,252.0
327,HH,P,6,6,1.0,0.08333333333333333,0.9166666666666666,1.0,2136.1666666666665,1858.5,1304.6666666666667,592.0
327,HL,A,6,6,1.0,0.08333333333333333,0.9166666666666666,0.8333333333333334,2061.1666666666665,1883.0,875.5,700.5
327,HL,P,6,6,1.0,0.08333333333333333,0.9166666666666666,0.6666666666666666,1685.5,1758.0,670.5,566.5
327,LH,A,6,6,1.0,0.08333333333333333,0.9166666666666666,0.6666666666666666,1585.1666666666667,1524.5,708.6666666666666,412.5
327,LH,P,6,6,1.0,0.08333333333333333,0.9166666666666666,0.6666666666666666,2222.1666666666665,2298.5,856.3333333333334,817.0
327,LL,A,4,6,0.6666666666666666,0.08333333333333333,0.5833333333333333,0.75,2282.75,2276.5,761.75,582.0
327,LL,P,6,6,1.0,0.08333333333333333,0.9166666666666666,0.6666666666666666,2439.1666666666665,2579.5,1341.8333333333333,1092.5
328,HH,A,6,6,1.0,0.1111111111111111,0.8888888888888888,0.6666666666666666,1260.1666666666667,987.5,997.0,387.0
328,HH,P,6,6,1.0,0.1111111111111111,0.8888888888888888,0.8333333333333334,1333.0,1185.0,691.1666666666666,411.0
328,HL,A,4,6,0.6666666666666666,0.1111111111111111,0.5555555555555556,0.75,1124.0,1110.5,2828.5,2813.5
328,HL,P,5,6,0.8333333333333334,0.1111111111111111,0.7222222222222223,0.8,1086.6,1091.0,459.2,366.0
328,LH,A,6,6,1.0,0.1111111111111111,0.8888888888888888,0.8333333333333334,1228.0,1267.0,738.5,288.5
328,LH,P,5,6,0.8333333333333334,0.1111111111111111,0.7222222222222223,1.0,1432.0,1705.0,516.4,270.0
328,LL,A,6,6,1.0,0.1111111111111111,0.8888888888888888,0.8333333333333334,1421.0,1330.5,723.0,654.0
328,LL,P,4,6,0.6666666666666666,0.1111111111111111,0.5555555555555556,0.75,1497.75,1431.5,264.0,230.0
329,HH,A,5,6,0.8333333333333334,0.0763888888888889,0.7569444444444444,0.8,1858.2,2443.0,353.6,240.0
329,HH,P,6,6,1.0,0.0763888888888889,0.9236111111111112,0.6666666666666666,2755.3333333333335,2906.5,738.1666666666666,488.0
329,HL,A,6,6,1.0,0.0763888888888889,0.9236111111111112,0.6666666666666666,2400.0,2638.0,985.0,247.5
329,HL,P,4,6,0.6666666666666666,0.0763888888888889,0.5902777777777777,0.75,2712.0,2794.5,1477.75,1376.0
329,LH,A,3,6,0.5,0.0763888888888889,0.4236111111111111,0.3333333333333333,2560.6666666666665,2132.0,584.0,688.0
329,LH,P,5,6,0.8333333333333334,0.0763888888888889,0.7569444444444444,0.8,1933.2,2077.0,804.8,696.0
329,LL,A,6,6,1.0,0.0763888888888889,0.9236111111111112,0.8333333333333334,1537.1666666666667,1464.5,563.5,215.5
329,LL,P,4,6,0.6666666666666666,0.0763888888888889,0.5902777777777777,0.75,1511.75,1341.5,373.25,303.0
330,HH,A,6,6,1.0,0.18055555555555555,0.8194444444444444,0.8333333333333334,3009.0,3110.5,1081.5,849.0
330,HH,P,6,6,1.0,0.18055555555555555,0.8194444444444444,0.6666666666666666,1877.5,1560.0,827.6666666666666,834.5
330,HL,A,5,6,0.8333333333333334,0.18055555555555555,0.6527777777777778,1.0,2238.6,2188.0,727.4,676.0
330,HL,P,6,6,1.0,0.18055555555555555,0.8194444444444444,0.5,2723.0,3032.5,519.8333333333334,537.5
330,LH,A,6,6,1.0,0.18055555555555555,0.8194444444444444,0.8333333333333334,2019.1666666666667,1869.0,529.0,573.0
330,LH,P,5,6,0.8333333333333334,0.18055555555555555,0.6527777777777778,0.8,2219.0,2219.0,443.6,345.0
330,LL,A,2,6,0.3333333333333333,0.18055555555555555,0.15277777777777776,0.5,2168.5,2168.5,318.5,318.5
330,LL,P,4,6,0.6666666666666666,0.18055555555555555,0.48611111111111105,0.75,2198.5,1937.5,393.25,228.0
331,HH,A,4,6,0.6666666666666666,0.04861111111111111,0.6180555555555555,1.0,2035.0,1971.5,1214.25,873.0
331,HH,P,6,6,1.0,0.04861111111111111,0.9513888888888888,0.8333333333333334,2631.0,2752.0,1138.8333333333333,572.5
331,HL,A,4,6,0.6666666666666666,0.04861111111111111,0.6180555555555555,0.75,2297.25,2305.0,743.75,508.0
331,HL,P,3,6,0.5,0.04861111111111111,0.4513888888888889,0.6666666666666666,2266.6666666666665,2199.0,1100.0,1174.0
331,LH,A,5,6,0.8333333333333334,0.04861111111111111,0.7847222222222222,1.0,2178.6,2280.0,861.8,688.0
331,LH,P,6,6,1.0,0.04861111111111111,0.9513888888888888,0.5,2723.1666666666665,2743.0,1414.3333333333333,1120.5
331,LL,A,5,6,0.8333333333333334,0.04861111111111111,0.7847222222222222,0.8,2354.8,2250.0,1308.2,1312.0
331,LL,P,4,6,0.6666666666666666,0.04861111111111111,0.6180555555555555,0.75,2202.25,2345.0,762.75,586.5
333,HH,A,6,6,1.0,0.2986111111111111,0.7013888888888888,0.6666666666666666,1510.3333333333333,1507.0,417.5,388.0
333,HH,P,5,6,0.8333333333333334,0.2986111111111111,0.5347222222222223,0.6,1485.4,1600.0,608.0,636.0
333,HL,A,6,6,1.0,0.2986111111111111,0.7013888888888888,0.8333333333333334,1972.5,1737.5,897.5,567.0
333,HL,P,6,6,1.0,0.2986111111111111,0.7013888888888888,1.0,2090.3333333333335,1898.5,739.8333333333334,607.0
333,LH,A,6,6,1.0,0.2986111111111111,0.7013888888888888,0.8333333333333334,2007.1666666666667,1853.0,1113.8333333333333,580.5
333,LH,P,6,6,1.0,0.2986111111111111,0.7013888888888888,0.8333333333333334,1510.8333333333333,1398.5,818.1666666666666,646.0
333,LL,A,5,6,0.8333333333333334,0.2986111111111111,0.5347222222222223,1.0,1693.8,1862.0,1027.0,1135.0
333,LL,P,6,6,1.0,0.2986111111111111,0.7013888888888888,0.8333333333333334,2246.0,1908.0,576.6666666666666,567.0
339,HH,A,6,6,1.0,0.2638888888888889,0.7361111111111112,0.6666666666666666,1944.1666666666667,2083.5,1676.1666666666667,1651.5
339,HH,P,6,6,1.0,0.2638888888888889,0.7361111111111112,1.0,2153.0,1967.5,1848.0,1392.0
339,HL,A,6,6,1.0,0.2638888888888889,0.7361111111111112,0.6666666666666666,2034.1666666666667,2128.0,1440.0,793.5
339,HL,P,6,6,1.0,0.2638888888888889,0.7361111111111112,0.6666666666666666,2073.3333333333335,2040.5,1225.5,890.5
339,LH,A,5,6,0.8333333333333334,0.2638888888888889,0.5694444444444444,0.4,1482.4,1352.0,2363.8,2390.0
339,LH,P,6,6,1.0,0.2638888888888889,0.7361111111111112,0.6666666666666666,1676.6666666666667,1413.5,2879.5,1772.5
339,LL,A,6,6,1.0,0.2638888888888889,0.7361111111111112,0.6666666666666666,1453.0,1479.5,1530.3333333333333,1278.5
339,LL,P,5,6,0.8333333333333334,0.2638888888888889,0.5694444444444444,0.8,1810.4,1749.0,1158.0,1229.0
340,HH,A,6,6,1.0,0.05555555555555555,0.9444444444444444,0.5,1687.3333333333333,1655.5,1501.5,896.5
340,HH,P,6,6,1.0,0.05555555555555555,0.9444444444444444,0.8333333333333334,1641.0,1616.0,1853.0,904.5
340,HL,A,6,6,1.0,0.05555555555555555,0.9444444444444444,0.6666666666666666,1866.6666666666667,1627.0,971.1666666666666,888.0
340,HL,P,6,6,1.0,0.05555555555555555,0.9444444444444444,0.8333333333333334,1670.3333333333333,1648.5,1558.5,1712.0
340,LH,A,6,6,1.0,0.05555555555555555,0.9444444444444444,0.8333333333333334,1482.0,1457.0,1496.6666666666667,1334.0
340,LH,P,6,6,1.0,0.05555555555555555,0.9444444444444444,1.0,1686.5,1624.0,1032.3333333333333,767.0
340,LL,A,5,6,0.8333333333333334,0.05555555555555555,0.7777777777777778,0.8,1559.0,1569.0,1198.6,828.0
340,LL,P,6,6,1.0,0.05555555555555555,0.9444444444444444,0.8333333333333334,1831.1666666666667,1644.5,1454.8333333333333,1128.0
342,HH,A,6,6,1.0,0.3125,0.6875,1.0,1354.5,1280.0,845.0,765.0
342,HH,P,5,6,0.8333333333333334,0.3125,0.5208333333333334,0.8,1157.8,1108.0,1498.2,1033.0
342,HL,A,6,6,1.0,0.3125,0.6875,0.8333333333333334,1331.0,1330.0,1106.6666666666667,682.0
342,HL,P,6,6,1.0,0.3125,0.6875,0.6666666666666666,1384.0,1389.0,1422.6666666666667,1118.0
342,LH,A,6,6,1.0,0.3125,0.6875,0.8333333333333334,1283.8333333333333,1249.5,509.5,476.0
342,LH,P,6,6,1.0,0.3125,0.6875,0.8333333333333334,1435.3333333333333,1338.0,451.0,406.0
342,LL,A,6,6,1.0,0.3125,0.6875,0.6666666666666666,1411.1666666666667,1236.0,488.8333333333333,477.5
342,LL,P,6,6,1.0,0.3125,0.6875,0.8333333333333334,1566.8333333333333,1453.5,1172.0,512.0
343,HH,A,6,6,1.0,0.22916666666666666,0.7708333333333334,0.6666666666666666,1302.0,1129.0,280.6666666666667,249.5
343,HH,P,4,6,0.6666666666666666,0.22916666666666666,0.4375,0.25,1095.25,1021.5,139.25,119.5
343,HL,A,2,6,0.3333333333333333,0.22916666666666666,0.10416666666666666,1.0,784.5,784.5,146.5,146.5
343,HL,P,5,6,0.8333333333333334,0.22916666666666666,0.6041666666666667,0.6,1366.6,1160.0,218.0,224.0
343,LH,A,4,6,0.6666666666666666,0.22916666666666666,0.4375,0.5,920.5,913.5,99.25,92.5
343,LH,P,4,6,0.6666666666666666,0.22916666666666666,0.4375,0.25,1690.5,1739.5,121.5,121.5
343,LL,A,3,6,0.5,0.22916666666666666,0.27083333333333337,0.3333333333333333,1423.6666666666667,1276.0,129.33333333333334,98.0
343,LL,P,5,6,0.8333333333333334,0.22916666666666666,0.6041666666666667,0.6,1972.2,1575.0,573.6,272.0
344,HH,A,6,6,1.0,0.05555555555555555,0.9444444444444444,0.8333333333333334,1804.3333333333333,1740.5,832.5,482.0
344,HH,P,6,6,1.0,0.05555555555555555,0.9444444444444444,0.6666666666666666,1724.1666666666667,1757.0,551.8333333333334,384.5
344,HL,A,5,6,0.8333333333333334,0.05555555555555555,0.7777777777777778,1.0,1781.0,1837.0,971.2,672.0
344,HL,P,6,6,1.0,0.05555555555555555,0.9444444444444444,0.8333333333333334,2126.3333333333335,2134.5,2348.1666666666665,2238.0
344,LH,A,5,6,0.8333333333333334,0.05555555555555555,0.7777777777777778,1.0,1659.2,1788.0,499.6,328.0
344,LH,P,6,6,1.0,0.05555555555555555,0.9444444444444444,0.8333333333333334,1875.1666666666667,1662.5,1350.5,1222.0
344,LL,A,6,6,1.0,0.05555555555555555,0.9444444444444444,1.0,1976.5,1915.5,1722.6666666666667,1652.5
344,LL,P,6,6,1.0,0.05555555555555555,0.9444444444444444,0.6666666666666666,1735.1666666666667,1598.5,1546.6666666666667,1025.5
346,HH,A,4,4,1.0,0.2916666666666667,0.7083333333333333,0.5,2033.0,1721.0,457.5,451.5
346,HH,P,3,4,0.75,0.2916666666666667,0.4583333333333333,0.3333333333333333,1643.0,1498.0,1893.3333333333333,870.0
346,HL,A,4,4,1.0,0.2916666666666667,0.7083333333333333,0.5,1318.75,1211.5,1290.0,1004.0
346,HL,P,4,4,1.0,0.2916666666666667,0.7083333333333333,0.75,1971.75,2080.5,542.0,463.5
346,LH,A,4,4,1.0,0.2916666666666667,0.7083333333333333,0.75,1690.75,1712.5,4380.0,824.0
346,LH,P,4,4,1.0,0.2916666666666667,0.7083333333333333,0.75,1334.25,1321.5,1244.0,1052.5
346,LL,A,3,4,0.75,0.2916666666666667,0.4583333333333333,0.3333333333333333,2031.0,1899.0,1715.0,1608.0
346,LL,P,4,4,1.0,0.2916666666666667,0.7083333333333333,0.25,1704.75,1737.0,330.0,320.5
350,HH,A,5,6,0.8333333333333334,0.0625,0.7708333333333334,1.0,1641.2,1476.0,725.4,735.0
350,HH,P,3,6,0.5,0.0625,0.4375,0.6666666666666666,1736.0,1799.0,2004.0,1255.0
350,HL,A,5,6,0.8333333333333334,0.0625,0.7708333333333334,1.0,1589.2,1452.0,1465.2,1488.0
350,HL,P,6,6,1.0,0.0625,0.9375,0.8333333333333334,2082.8333333333335,1948.0,1268.3333333333333,1175.0
350,LH,A,5,6,0.8333333333333334,0.0625,0.7708333333333334,0.8,1651.0,1664.0,524.4,343.0
350,LH,P,5,6,0.8333333333333334,0.0625,0.7708333333333334,1.0,1736.4,1410.0,955.0,952.0
350,LL,A,4,6,0.6666666666666666,0.0625,0.6041666666666666,0.75,2120.25,2250.0,2580.5,2064.5
350,LL,P,5,6,0.8333333333333334,0.0625,0.7708333333333334,0.8,1858.2,1623.0,1734.6,1402.0
351,HH,A,4,6,0.6666666666666666,0.1736111111111111,0.4930555555555555,1.0,1862.0,1790.0,683.75,697.5
351,HH,P,6,6,1.0,0.1736111111111111,0.8263888888888888,0.6666666666666666,1996.1666666666667,1979.5,773.5,706.0
351,HL,A,6,6,1.0,0.1736111111111111,0.8263888888888888,0.6666666666666666,1934.1666666666667,1988.0,1407.0,1138.5
351,HL,P,6,6,1.0,0.1736111111111111,0.8263888888888888,0.6666666666666666,1798.3333333333333,1758.5,1993.5,841.0
351,LH,A,6,6,1.0,0.1736111111111111,0.8263888888888888,0.6666666666666666,1498.6666666666667,1472.5,781.6666666666666,808.0
351,LH,P,6,6,1.0,0.1736111111111111,0.8263888888888888,1.0,1749.0,1735.0,948.5,785.0
351,LL,A,6,6,1.0,0.1736111111111111,0.8263888888888888,0.5,1606.8333333333333,1477.0,1011.6666666666666,654.0
351,LL,P,5,6,0.8333333333333334,0.1736111111111111,0.6597222222222223,0.6,1514.0,1428.0,733.8,643.0
354,HH,A,4,6,0.6666666666666666,0.06944444444444445,0.5972222222222222,0.5,1130.75,1040.0,205.25,197.0
354,HH,P,5,6,0.8333333333333334,0.06944444444444445,0.763888888888889,0.4,1462.2,1273.0,553.6,210.0
354,HL,A,6,6,1.0,0.06944444444444445,0.9305555555555556,0.8333333333333334,1201.8333333333333,1288.5,231.66666666666666,226.0
354,HL,P,6,6,1.0,0.06944444444444445,0.9305555555555556,0.8333333333333334,1253.1666666666667,1096.0,780.1666666666666,347.5
354,LH,A,4,6,0.6666666666666666,0.06944444444444445,0.5972222222222222,0.5,1968.75,1776.0,180.5,172.0
354,LH,P,4,6,0.6666666666666666,0.06944444444444445,0.5972222222222222,0.5,1098.0,1092.5,262.75,189.5
354,LL,A,4,6,0.6666666666666666,0.06944444444444445,0.5972222222222222,0.5,1657.75,1715.5,735.75,670.0
354,LL,P,5,6,0.8333333333333334,0.06944444444444445,0.763888888888889,0.8,1421.0,1444.0,236.8,202.0
355,HH,A,4,6,0.6666666666666666,0.05555555555555555,0.611111111111111,0.75,1604.25,1658.5,1210.25,1098.0
355,HH,P,6,6,1.0,0.05555555555555555,0.9444444444444444,1.0,1511.0,1357.5,927.1666666666666,505.0
355,HL,A,6,6,1.0,0.05555555555555555,0.9444444444444444,1.0,1658.8333333333333,1770.5,978.8333333333334,975.0
355,HL,P,6,6,1.0,0.05555555555555555,0.9444444444444444,0.6666666666666666,1788.6666666666667,1655.5,1079.6666666666667,898.5
355,LH,A,5,6,0.8333333333333334,0.05555555555555555,0.7777777777777778,1.0,2350.0,2206.0,818.6,641.0
355,LH,P,5,6,0.8333333333333334,0.05555555555555555,0.7777777777777778,1.0,1472.2,1583.0,627.4,413.0
355,LL,A,6,6,1.0,0.05555555555555555,0.9444444444444444,0.6666666666666666,1619.1666666666667,1748.5,668.0,487.5
355,LL,P,6,6,1.0,0.05555555555555555,0.9444444444444444,1.0,1416.8333333333333,1466.0,725.0,570.5
356,HH,A,5,6,0.8333333333333334,0.09722222222222222,0.7361111111111112,1.0,1621.4,1511.0,945.0,820.0
356,HH,P,6,6,1.0,0.09722222222222222,0.9027777777777778,0.6666666666666666,2033.8333333333333,1758.0,1019.1666666666666,818.5
356,HL,A,6,6,1.0,0.09722222222222222,0.9027777777777778,0.5,1339.0,1244.0,610.1666666666666,682.0
356,HL,P,6,6,1.0,0.09722222222222222,0.9027777777777778,0.3333333333333333,1666.8333333333333,1519.5,596.6666666666666,640.0
356,LH,A,5,6,0.8333333333333334,0.09722222222222222,0.7361111111111112,0.4,1650.6,1469.0,984.8,1083.0
356,LH,P,5,6,0.8333333333333334,0.09722222222222222,0.7361111111111112,0.8,1365.2,1503.0,1295.2,609.0
356,LL,A,5,6,0.8333333333333334,0.09722222222222222,0.7361111111111112,0.8,1540.6,1646.0,681.0,772.0
356,LL,P,6,6,1.0,0.09722222222222222,0.9027777777777778,0.6666666666666666,2266.0,2317.0,613.1666666666666,691.5
361,HH,A,6,6,1.0,0.0763888888888889,0.9236111111111112,1.0,2214.1666666666665,1853.0,466.8333333333333,306.5
361,HH,P,6,6,1.0,0.0763888888888889,0.9236111111111112,1.0,1812.1666666666667,1618.5,686.0,553.0
361,HL,A,6,6,1.0,0.0763888888888889,0.9236111111111112,1.0,1524.0,1528.5,335.0,280.5
361,HL,P,5,6,0.8333333333333334,0.0763888888888889,0.7569444444444444,0.6,2297.8,2147.0,610.8,306.0
361,LH,A,6,6,1.0,0.0763888888888889,0.9236111111111112,0.8333333333333334,1905.0,1752.0,1648.3333333333333,539.5
361,LH,P,6,6,1.0,0.0763888888888889,0.9236111111111112,0.8333333333333334,2340.8333333333335,2329.5,1492.6666666666667,1600.0
361,LL,A,6,6,1.0,0.0763888888888889,0.9236111111111112,1.0,2001.0,1967.0,648.1666666666666,556.0
361,LL,P,6,6,1.0,0.0763888888888889,0.9236111111111112,0.8333333333333334,2118.6666666666665,2292.5,424.6666666666667,331.5
362,HH,A,4,6,0.6666666666666666,0.08333333333333333,0.5833333333333333,1.0,1466.75,1328.0,1030.0,982.0
362,HH,P,5,6,0.8333333333333334,0.08333333333333333,0.75,0.8,1895.4,1714.0,1539.8,1161.0
362,HL,A,3,6,0.5,0.08333333333333333,0.4166666666666667,0.0,1958.6666666666667,1842.0,1138.0,891.0
362,HL,P,6,6,1.0,0.08333333333333333,0.9166666666666666,0.8333333333333334,1654.6666666666667,1605.0,954.3333333333334,673.0
362,LH,A,5,6,0.8333333333333334,0.08333333333333333,0.75,0.8,1816.0,1939.0,802.4,679.0
362,LH,P,3,6,0.5,0.08333333333333333,0.4166666666666667,0.3333333333333333,1526.3333333333333,1439.0,700.6666666666666,504.0
362,LL,A,4,6,0.6666666666666666,0.08333333333333333,0.5833333333333333,0.5,1775.0,1900.0,1199.75,982.5
362,LL,P,4,6,0.6666666666666666,0.08333333333333333,0.5833333333333333,0.5,2300.25,2274.5,825.0,900.0
363,HH,A,5,6,0.8333333333333334,0.13194444444444445,0.701388888888889,0.6,1462.8,1350.0,466.0,279.0
363,HH,P,6,6,1.0,0.13194444444444445,0.8680555555555556,0.8333333333333334,1413.6666666666667,1409.0,1123.8333333333333,723.0
363,HL,A,6,6,1.0,0.13194444444444445,0.8680555555555556,0.3333333333333333,1308.6666666666667,1267.0,664.8333333333334,579.5
363,HL,P,6,6,1.0,0.13194444444444445,0.8680555555555556,0.5,1434.6666666666667,1378.5,665.1666666666666,419.0
363,LH,A,5,6,0.8333333333333334,0.13194444444444445,0.701388888888889,1.0,1347.6,1415.0,439.4,213.0
363,LH,P,4,6,0.6666666666666666,0.13194444444444445,0.5347222222222222,0.75,1742.75,1597.0,1482.25,1004.0
363,LL,A,4,6,0.6666666666666666,0.13194444444444445,0.5347222222222222,0.5,1479.5,1508.0,234.5,246.0
363,LL,P,5,6,0.8333333333333334,0.13194444444444445,0.701388888888889,0.8,1655.2,1444.0,530.4,551.0
364,HH,A,6,6,1.0,0.034722222222222224,0.9652777777777778,1.0,1583.3333333333333,1489.5,809.0,726.0
364,HH,P,4,6,0.6666666666666666,0.034722222222222224,0.6319444444444444,0.5,1432.5,1456.0,550.5,595.5
364,HL,A,5,6,0.8333333333333334,0.034722222222222224,0.7986111111111112,0.8,1769.2,1365.0,765.8,792.0
364,HL,P,5,6,0.8333333333333334,0.034722222222222224,0.7986111111111112,0.8,1488.2,1411.0,691.6,696.0
364,LH,A,5,6,0.8333333333333334,0.034722222222222224,0.7986111111111112,0.8,1636.4,1254.0,901.2,679.0
364,LH,P,5,6,0.8333333333333334,0.034722222222222224,0.7986111111111112,0.6,1534.0,1330.0,525.4,618.0
364,LL,A,4,6,0.6666666666666666,0.034722222222222224,0.6319444444444444,1.0,1352.5,1185.5,454.5,508.0
364,LL,P,2,6,0.3333333333333333,0.034722222222222224,0.2986111111111111,0.5,1352.5,1352.5,896.0,896.0
366,HH,A,6,6,1.0,0.18055555555555555,0.8194444444444444,0.5,2194.1666666666665,1871.5,1795.1666666666667,680.0
366,HH,P,6,6,1.0,0.18055555555555555,0.8194444444444444,0.5,2340.8333333333335,2155.5,858.5,775.5
366,HL,A,6,6,1.0,0.18055555555555555,0.8194444444444444,0.8333333333333334,1670.6666666666667,1710.5,516.8333333333334,403.0
366,HL,P,5,6,0.8333333333333334,0.18055555555555555,0.6527777777777778,1.0,2247.4,2212.0,878.2,288.0
366,LH,A,5,6,0.8333333333333334,0.18055555555555555,0.6527777777777778,0.6,2158.0,2248.0,773.8,764.0
366,LH,P,6,6,1.0,0.18055555555555555,0.8194444444444444,0.8333333333333334,2170.6666666666665,2284.0,447.0,295.5
366,LL,A,6,6,1.0,0.18055555555555555,0.8194444444444444,1.0,2413.8333333333335,2486.5,971.3333333333334,682.0
366,LL,P,6,6,1.0,0.18055555555555555,0.8194444444444444,0.8333333333333334,2583.6666666666665,2561.5,1278.3333333333333,1040.0
367,HH,A,4,4,1.0,0.3229166666666667,0.6770833333333333,0.5,1759.25,1600.5,1391.25,666.0
367,HH,P,4,4,1.0,0.3229166666666667,0.6770833333333333,0.75,1365.5,1262.5,586.5,462.5
367,HL,A,4,4,1.0,0.3229166666666667,0.6770833333333333,1.0,1308.5,1365.0,688.25,527.5
367,HL,P,4,4,1.0,0.3229166666666667,0.6770833333333333,0.5,1112.25,940.0,578.25,330.0
367,LH,A,4,4,1.0,0.3229166666666667,0.6770833333333333,0.5,1405.25,1414.5,1383.75,903.0
367,LH,P,4,4,1.0,0.3229166666666667,0.6770833333333333,0.75,1293.75,1216.0,1292.0,1270.0
367,LL,A,4,4,1.0,0.3229166666666667,0.6770833333333333,0.75,1727.5,1586.5,1113.0,1012.0
367,LL,P,4,4,1.0,0.3229166666666667,0.6770833333333333,1.0,1699.25,1375.5,1413.25,1272.5
368,HH,A,6,6,1.0,0.041666666666666664,0.9583333333333334,0.8333333333333334,1119.0,1102.0,194.0,165.5
368,HH,P,5,6,0.8333333333333334,0.041666666666666664,0.7916666666666667,1.0,1233.6,1243.0,508.4,215.0
368,HL,A,4,6,0.6666666666666666,0.041666666666666664,0.625,0.75,1356.75,1262.0,666.5,662.5
368,HL,P,4,6,0.6666666666666666,0.041666666666666664,0.625,1.0,1514.5,1336.5,234.25,207.5
368,LH,A,6,6,1.0,0.041666666666666664,0.9583333333333334,1.0,1527.5,1291.0,214.5,214.0
368,LH,P,5,6,0.8333333333333334,0.041666666666666664,0.7916666666666667,0.8,1352.6,1465.0,215.4,184.0
368,LL,A,5,6,0.8333333333333334,0.041666666666666664,0.7916666666666667,0.4,1565.2,1430.0,204.2,183.0
368,LL,P,3,6,0.5,0.041666666666666664,0.4583333333333333,1.0,954.3333333333334,947.0,391.6666666666667,174.0
369,HH,A,4,6,0.6666666666666666,0.09722222222222222,0.5694444444444444,0.75,1683.75,1577.5,1851.25,1672.0
369,HH,P,4,6,0.6666666666666666,0.09722222222222222,0.5694444444444444,1.0,1616.5,1439.0,2525.0,2432.0
369,HL,A,4,6,0.6666666666666666,0.09722222222222222,0.5694444444444444,0.25,1244.25,1112.5,2126.25,2052.5
369,HL,P,5,6,0.8333333333333334,0.09722222222222222,0.7361111111111112,0.6,1785.6,1356.0,1363.6,1249.0
369,LH,A,4,6,0.6666666666666666,0.09722222222222222,0.5694444444444444,0.75,1629.75,1503.0,1741.5,1683.0
369,LH,P,4,6,0.6666666666666666,0.09722222222222222,0.5694444444444444,0.75,1614.75,1753.0,1388.75,1288.5
369,LL,A,4,6,0.6666666666666666,0.09722222222222222,0.5694444444444444,0.5,1467.5,1387.5,2261.75,1913.5
369,LL,P,5,6,0.8333333333333334,0.09722222222222222,0.7361111111111112,0.2,2206.2,1979.0,1388.2,1351.0
370,HH,A,6,6,1.0,0.14583333333333334,0.8541666666666666,0.6666666666666666,1737.6666666666667,1418.0,2816.8333333333335,488.5
370,HH,P,6,6,1.0,0.14583333333333334,0.8541666666666666,1.0,1661.0,1460.5,729.3333333333334,342.0
370,HL,A,4,6,0.6666666666666666,0.14583333333333334,0.5208333333333333,0.5,1472.0,1401.5,377.25,296.0
370,HL,P,4,6,0.6666666666666666,0.14583333333333334,0.5208333333333333,1.0,1567.5,1566.0,513.0,389.5
370,LH,A,6,6,1.0,0.14583333333333334,0.8541666666666666,0.8333333333333334,1621.6666666666667,1532.0,350.1666666666667,336.0
370,LH,P,5,6,0.8333333333333334,0.14583333333333334,0.6875,0.8,1535.4,1319.0,207.4,163.0
370,LL,A,2,6,0.3333333333333333,0.14583333333333334,0.18749999999999997,0.5,2563.0,2563.0,934.0,934.0
370,LL,P,4,6,0.6666666666666666,0.14583333333333334,0.5208333333333333,0.5,1333.25,1289.0,844.5,156.0
371,HH,A,1,6,0.16666666666666666,0.06944444444444445,0.09722222222222221,0.0,2166.0,2166.0,2411.0,2411.0
371,HH,P,4,6,0.6666666666666666,0.06944444444444445,0.5972222222222222,0.75,1971.75,1938.5,2662.5,3132.0
371,HL,A,3,6,0.5,0.06944444444444445,0.4305555555555556,0.0,2184.0,1810.0,4181.0,4513.0
371,HL,P,4,6,0.6666666666666666,0.06944444444444445,0.5972222222222222,0.5,2559.5,2461.0,3306.25,2787.5
371,LH,A,2,6,0.3333333333333333,0.06944444444444445,0.26388888888888884,1.0,1882.0,1882.0,770.5,770.5
371,LH,P,0,6,0.0,0.06944444444444445,-0.06944444444444445,,,,,
371,LL,A,3,6,0.5,0.06944444444444445,0.4305555555555556,0.6666666666666666,1850.0,1927.0,1428.0,1182.0
371,LL,P,3,6,0.5,0.06944444444444445,0.4305555555555556,1.0,2284.6666666666665,2344.0,1461.0,1680.0
372,HH,A,3,6,0.5,0.0625,0.4375,0.6666666666666666,1153.0,1186.0,494.3333333333333,516.0
372,HH,P,5,6,0.8333333333333334,0.0625,0.7708333333333334,0.6,1226.8,1167.0,1774.2,1746.0
372,HL,A,6,6,1.0,0.0625,0.9375,0.8333333333333334,1429.0,1127.5,850.3333333333334,642.0
372,HL,P,5,6,0.8333333333333334,0.0625,0.7708333333333334,0.8,1232.4,1314.0,556.0,479.0
372,LH,A,6,6,1.0,0.0625,0.9375,1.0,1301.8333333333333,977.0,800.3333333333334,664.5
372,LH,P,4,6,0.6666666666666666,0.0625,0.6041666666666666,0.75,1598.25,1704.5,442.25,438.0
372,LL,A,4,6,0.6666666666666666,0.0625,0.6041666666666666,0.75,1048.25,1046.0,2588.5,1487.5
372,LL,P,2,6,0.3333333333333333,0.0625,0.2708333333333333,1.0,854.0,854.0,431.5,431.5
373,HH,A,3,4,0.75,0.2916666666666667,0.4583333333333333,0.6666666666666666,1654.6666666666667,1497.0,1034.0,1009.0
373,HH,P,1,4,0.25,0.2916666666666667,-0.041666666666666685,1.0,1660.0,1660.0,505.0,505.0
373,HL,A,3,4,0.75,0.2916666666666667,0.4583333333333333,1.0,2561.6666666666665,2369.0,712.6666666666666,319.0
373,HL,P,3,4,0.75,0.2916666666666667,0.4583333333333333,0.6666666666666666,1577.3333333333333,1714.0,3563.6666666666665,5061.0
373,LH,A,2,4,0.5,0.2916666666666667,0.20833333333333331,0.5,1239.0,1239.0,307.5,307.5
373,LH,P,3,4,0.75,0.2916666666666667,0.4583333333333333,0.6666666666666666,1527.0,1553.0,483.0,384.0
373,LL,A,3,4,0.75,0.2916666666666667,0.4583333333333333,0.6666666666666666,1158.0,1029.0,1192.6666666666667,1084.0
373,LL,P,4,4,1.0,0.2916666666666667,0.7083333333333333,0.75,1834.5,1685.0,249.75,237.0
374,HH,A,4,6,0.6666666666666666,0.14583333333333334,0.5208333333333333,0.5,2421.75,2524.0,651.0,725.0
374,HH,P,4,6,0.6666666666666666,0.14583333333333334,0.5208333333333333,1.0,1845.0,1778.5,576.75,585.5
374,HL,A,3,6,0.5,0.14583333333333334,0.35416666666666663,1.0,2605.0,2767.0,505.0,706.0
374,HL,P,3,6,0.5,0.14583333333333334,0.35416666666666663,0.6666666666666666,2106.3333333333335,2496.0,847.3333333333334,656.0
374,LH,A,4,6,0.6666666666666666,0.14583333333333334,0.5208333333333333,0.5,1696.5,1315.5,347.0,238.0
374,LH,P,5,6,0.8333333333333334,0.14583333333333334,0.6875,0.8,1594.0,1446.0,344.0,196.0
374,LL,A,3,6,0.5,0.14583333333333334,0.35416666666666663,1.0,1339.0,1421.0,379.6666666666667,239.0
374,LL,P,4,6,0.6666666666666666,0.14583333333333334,0.5208333333333333,0.75,1404.5,1275.5,933.5,811.0
375,HH,A,5,6,0.8333333333333334,0.0625,0.7708333333333334,0.6,2054.6,1776.0,4583.4,4163.0
375,HH,P,6,6,1.0,0.0625,0.9375,0.8333333333333334,1684.8333333333333,1666.5,3143.0,1300.0
375,HL,A,6,6,1.0,0.0625,0.9375,0.6666666666666666,1693.8333333333333,1669.0,2421.5,1359.5
375,HL,P,5,6,0.8333333333333334,0.0625,0.7708333333333334,0.6,1703.0,1712.0,3919.8,2684.0
375,LH,A,5,6,0.8333333333333334,0.0625,0.7708333333333334,1.0,1598.2,1849.0,2470.6,1510.0
375,LH,P,5,6,0.8333333333333334,0.0625,0.7708333333333334,1.0,1902.0,1698.0,2271.0,2471.0
375,LL,A,6,6,1.0,0.0625,0.9375,0.6666666666666666,1617.0,1580.5,3981.1666666666665,3584.5
375,LL,P,3,6,0.5,0.0625,0.4375,0.3333333333333333,2388.3333333333335,2406.0,2007.0,1695.0
377,HH,A,6,6,1.0,0.18055555555555555,0.8194444444444444,0.6666666666666666,1938.5,1833.5,1601.3333333333333,573.5
377,HH,P,3,6,0.5,0.18055555555555555,0.3194444444444444,0.6666666666666666,2329.3333333333335,2120.0,705.3333333333334,442.0
377,HL,A,5,6,0.8333333333333334,0.18055555555555555,0.6527777777777778,1.0,1685.4,1737.0,887.6,878.0
377,HL,P,6,6,1.0,0.18055555555555555,0.8194444444444444,0.5,1993.6666666666667,1803.5,1234.1666666666667,813.0
377,LH,A,3,6,0.5,0.18055555555555555,0.3194444444444444,0.6666666666666666,2239.6666666666665,1884.0,316.0,347.0
377,LH,P,6,6,1.0,0.18055555555555555,0.8194444444444444,0.6666666666666666,1686.5,1640.5,1684.3333333333333,1262.0
377,LL,A,5,6,0.8333333333333334,0.18055555555555555,0.6527777777777778,0.8,1781.4,1703.0,696.8,674.0
377,LL,P,4,6,0.6666666666666666,0.18055555555555555,0.48611111111111105,0.75,2240.25,2328.5,912.75,586.5
378,HH,A,6,6,1.0,0.0763888888888889,0.9236111111111112,0.8333333333333334,1098.0,1116.0,1017.0,588.0
378,HH,P,6,6,1.0,0.0763888888888889,0.9236111111111112,0.8333333333333334,1172.3333333333333,1183.0,1517.3333333333333,1144.0
378,HL,A,5,6,0.8333333333333334,0.0763888888888889,0.7569444444444444,0.8,1237.4,1105.0,846.0,808.0
378,HL,P,6,6,1.0,0.0763888888888889,0.9236111111111112,0.5,1181.6666666666667,1231.5,833.3333333333334,879.5
378,LH,A,6,6,1.0,0.0763888888888889,0.9236111111111112,0.5,1308.0,1252.5,840.0,548.0
378,LH,P,6,6,1.0,0.0763888888888889,0.9236111111111112,1.0,1222.0,1218.0,942.5,612.0
378,LL,A,6,6,1.0,0.0763888888888889,0.9236111111111112,0.6666666666666666,1730.1666666666667,1691.5,664.8333333333334,799.5
378,LL,P,6,6,1.0,0.0763888888888889,0.9236111111111112,0.6666666666666666,1550.0,1377.5,875.8333333333334,720.0
379,HH,A,4,6,0.6666666666666666,0.09027777777777778,0.5763888888888888,1.0,1609.0,1573.5,447.25,400.0
379,HH,P,3,6,0.5,0.09027777777777778,0.4097222222222222,0.3333333333333333,1674.3333333333333,1308.0,1076.3333333333333,716.0
379,HL,A,4,6,0.6666666666666666,0.09027777777777778,0.5763888888888888,0.75,1915.0,1875.0,466.5,472.5
379,HL,P,4,6,0.6666666666666666,0.09027777777777778,0.5763888888888888,0.75,1696.5,1629.0,1129.0,358.5
379,LH,A,3,6,0.5,0.09027777777777778,0.4097222222222222,1.0,1586.6666666666667,1614.0,749.3333333333334,468.0
379,LH,P,4,6,0.6666666666666666,0.09027777777777778,0.5763888888888888,0.75,1525.5,1422.5,702.75,360.5
379,LL,A,1,6,0.16666666666666666,0.09027777777777778,0.07638888888888888,1.0,1509.0,1509.0,226.0,226.0
379,LL,P,2,6,0.3333333333333333,0.09027777777777778,0.24305555555555552,1.0,1853.5,1853.5,2947.5,2947.5
380,HH,A,5,6,0.8333333333333334,0.05555555555555555,0.7777777777777778,0.8,1589.4,1557.0,660.4,464.0
380,HH,P,6,6,1.0,0.05555555555555555,0.9444444444444444,0.6666666666666666,1825.1666666666667,1620.5,392.1666666666667,404.0
380,HL,A,5,6,0.8333333333333334,0.05555555555555555,0.7777777777777778,0.8,2003.2,2170.0,558.0,385.0
380,HL,P,5,6,0.8333333333333334,0.05555555555555555,0.7777777777777778,1.0,1849.4,1864.0,685.6,583.0
380,LH,A,6,6,1.0,0.05555555555555555,0.9444444444444444,1.0,1925.6666666666667,1797.0,786.5,648.0
380,LH,P,6,6,1.0,0.05555555555555555,0.9444444444444444,0.8333333333333334,1640.0,1597.0,362.5,364.0
380,LL,A,5,6,0.8333333333333334,0.05555555555555555,0.7777777777777778,1.0,1996.4,1769.0,1011.2,392.0
380,LL,P,5,6,0.8333333333333334,0.05555555555555555,0.7777777777777778,0.8,1809.0,1516.0,787.2,488.0
381,HH,A,6,6,1.0,0.24305555555555555,0.7569444444444444,0.8333333333333334,1081.3333333333333,1129.5,762.8333333333334,705.5
381,HH,P,6,6,1.0,0.24305555555555555,0.7569444444444444,0.5,1235.0,1231.5,788.8333333333334,423.5
381,HL,A,6,6,1.0,0.24305555555555555,0.7569444444444444,0.6666666666666666,1450.8333333333333,1176.5,1178.0,1119.5
381,HL,P,6,6,1.0,0.24305555555555555,0.7569444444444444,0.5,1517.6666666666667,1483.0,691.0,579.5
381,LH,A,6,6,1.0,0.24305555555555555,0.7569444444444444,1.0,1620.3333333333333,1731.5,706.8333333333334,737.0
381,LH,P,6,6,1.0,0.24305555555555555,0.7569444444444444,0.8333333333333334,1832.5,1798.0,1491.3333333333333,1405.0
381,LL,A,6,6,1.0,0.24305555555555555,0.7569444444444444,1.0,1262.6666666666667,1209.5,1681.5,1433.0
381,LL,P,6,6,1.0,0.24305555555555555,0.7569444444444444,0.8333333333333334,1295.3333333333333,1255.5,1336.6666666666667,1017.0
382,HH,A,6,6,1.0,0.09027777777777778,0.9097222222222222,0.6666666666666666,1244.1666666666667,1191.0,758.1666666666666,710.5
382,HH,P,6,6,1.0,0.09027777777777778,0.9097222222222222,0.6666666666666666,1746.6666666666667,1444.5,1425.8333333333333,1041.0
382,HL,A,6,6,1.0,0.09027777777777778,0.9097222222222222,0.8333333333333334,1403.8333333333333,1401.0,778.3333333333334,742.5
382,HL,P,6,6,1.0,0.09027777777777778,0.9097222222222222,1.0,1490.1666666666667,1422.5,641.6666666666666,652.5
382,LH,A,5,6,0.8333333333333334,0.09027777777777778,0.7430555555555556,0.6,1702.0,1906.0,1257.2,762.0
382,LH,P,6,6,1.0,0.09027777777777778,0.9097222222222222,0.6666666666666666,1194.0,1121.5,920.5,659.5
382,LL,A,5,6,0.8333333333333334,0.09027777777777778,0.7430555555555556,0.8,1504.6,1632.0,1160.4,1052.0
382,LL,P,5,6,0.8333333333333334,0.09027777777777778,0.7430555555555556,0.6,1527.4,1500.0,1946.8,982.0
383,HH,A,5,6,0.8333333333333334,0.16666666666666666,0.6666666666666667,0.8,2328.8,1942.0,524.6,320.0
383,HH,P,6,6,1.0,0.16666666666666666,0.8333333333333334,0.6666666666666666,2318.1666666666665,2151.5,337.6666666666667,307.5
383,HL,A,6,6,1.0,0.16666666666666666,0.8333333333333334,1.0,2378.5,2317.5,452.6666666666667,387.0
383,HL,P,5,6,0.8333333333333334,0.16666666666666666,0.6666666666666667,0.8,2494.0,2644.0,300.4,314.0
383,LH,A,5,6,0.8333333333333334,0.16666666666666666,0.6666666666666667,0.6,2375.0,2075.0,431.4,489.0
383,LH,P,5,6,0.8333333333333334,0.16666666666666666,0.6666666666666667,0.8,1983.6,2137.0,550.4,357.0
383,LL,A,6,6,1.0,0.16666666666666666,0.8333333333333334,0.5,2053.8333333333335,2007.5,456.1666666666667,428.5
383,LL,P,5,6,0.8333333333333334,0.16666666666666666,0.6666666666666667,0.4,2463.4,2220.0,782.8,818.0
384,HH,A,5,6,0.8333333333333334,0.0625,0.7708333333333334,0.4,1385.2,1318.0,1178.2,862.0
384,HH,P,5,6,0.8333333333333334,0.0625,0.7708333333333334,0.6,2471.8,2249.0,2052.0,702.0
384,HL,A,5,6,0.8333333333333334,0.0625,0.7708333333333334,0.6,2129.0,1950.0,8084.2,712.0
384,HL,P,5,6,0.8333333333333334,0.0625,0.7708333333333334,0.8,1832.0,1515.0,1109.6,1007.0
384,LH,A,6,6,1.0,0.0625,0.9375,0.6666666666666666,1277.3333333333333,1239.5,679.3333333333334,578.0
384,LH,P,6,6,1.0,0.0625,0.9375,0.6666666666666666,1844.5,1650.0,710.0,699.5
384,LL,A,3,6,0.5,0.0625,0.4375,0.6666666666666666,1719.3333333333333,1618.0,1329.6666666666667,589.0
384,LL,P,6,6,1.0,0.0625,0.9375,0.8333333333333334,1501.3333333333333,1634.0,617.8333333333334,665.5
386,HH,A,4,6,0.6666666666666666,0.04861111111111111,0.6180555555555555,0.75,1452.25,1294.0,711.75,471.5
386,HH,P,4,6,0.6666666666666666,0.04861111111111111,0.6180555555555555,0.75,1264.25,1399.0,829.5,707.5
386,HL,A,4,6,0.6666666666666666,0.04861111111111111,0.6180555555555555,0.75,2292.75,2339.5,998.75,981.0
386,HL,P,3,6,0.5,0.04861111111111111,0.4513888888888889,0.3333333333333333,1141.0,1196.0,329.3333333333333,257.0
386,LH,A,4,6,0.6666666666666666,0.04861111111111111,0.6180555555555555,0.5,1585.0,1377.0,489.25,395.0
386,LH,P,4,6,0.6666666666666666,0.04861111111111111,0.6180555555555555,1.0,1451.75,1333.0,776.5,538.0
386,LL,A,4,6,0.6666666666666666,0.04861111111111111,0.6180555555555555,1.0,1705.25,1669.5,893.75,666.0
386,LL,P,3,6,0.5,0.04861111111111111,0.4513888888888889,1.0,1994.6666666666667,1195.0,351.0,307.0
390,HH,A,5,6,0.8333333333333334,0.1111111111111111,0.7222222222222223,0.8,1971.8,2085.0,432.4,464.0
390,HH,P,6,6,1.0,0.1111111111111111,0.8888888888888888,0.8333333333333334,2408.1666666666665,2283.5,690.8333333333334,355.5
390,HL,A,4,6,0.6666666666666666,0.1111111111111111,0.5555555555555556,1.0,1938.75,1907.0,710.5,550.5
390,HL,P,3,6,0.5,0.1111111111111111,0.3888888888888889,0.6666666666666666,1961.3333333333333,1936.0,635.3333333333334,745.0
390,LH,A,2,6,0.3333333333333333,0.1111111111111111,0.2222222222222222,1.0,1999.0,1999.0,443.0,443.0
390,LH,P,4,6,0.6666666666666666,0.1111111111111111,0.5555555555555556,0.75,2100.25,1962.0,456.5,443.5
390,LL,A,3,6,0.5,0.1111111111111111,0.3888888888888889,0.6666666666666666,2805.3333333333335,2533.0,603.6666666666666,602.0
390,LL,P,3,6,0.5,0.1111111111111111,0.3888888888888889,0.3333333333333333,2227.6666666666665,2462.0,417.6666666666667,417.0
391,HH,A,5,6,0.8333333333333334,0.0763888888888889,0.7569444444444444,0.8,1517.8,1490.0,1463.8,1568.0
391,HH,P,5,6,0.8333333333333334,0.0763888888888889,0.7569444444444444,0.6,1880.8,1483.0,1518.6,1800.0
391,HL,A,6,6,1.0,0.0763888888888889,0.9236111111111112,0.8333333333333334,1498.0,1546.0,787.3333333333334,539.0
391,HL,P,4,6,0.6666666666666666,0.0763888888888889,0.5902777777777777,1.0,1374.25,1253.0,1363.5,1480.0
391,LH,A,5,6,0.8333333333333334,0.0763888888888889,0.7569444444444444,0.8,1340.6,1149.0,1116.4,871.0
391,LH,P,5,6,0.8333333333333334,0.0763888888888889,0.7569444444444444,0.6,1603.8,1786.0,734.4,553.0
391,LL,A,5,6,0.8333333333333334,0.0763888888888889,0.7569444444444444,0.8,1570.2,1386.0,806.0,815.0
391,LL,P,4,6,0.6666666666666666,0.0763888888888889,0.5902777777777777,1.0,1801.0,1652.5,780.0,693.0
392,HH,A,5,6,0.8333333333333334,0.18055555555555555,0.6527777777777778,0.6,2065.6,2093.0,1290.4,412.0
392,HH,P,6,6,1.0,0.18055555555555555,0.8194444444444444,0.6666666666666666,1507.3333333333333,1374.0,867.3333333333334,533.0
392,HL,A,5,6,0.8333333333333334,0.18055555555555555,0.6527777777777778,1.0,1462.4,1751.0,1146.6,1043.0
392,HL,P,6,6,1.0,0.18055555555555555,0.8194444444444444,0.8333333333333334,1800.5,1661.5,1396.0,1139.0
392,LH,A,5,6,0.8333333333333334,0.18055555555555555,0.6527777777777778,0.6,1525.2,1391.0,1078.0,1276.0
392,LH,P,6,6,1.0,0.18055555555555555,0.8194444444444444,0.6666666666666666,1619.0,1593.0,1327.3333333333333,503.5
392,LL,A,4,6,0.6666666666666666,0.18055555555555555,0.48611111111111105,0.75,1582.75,1537.0,344.0,310.0
392,LL,P,6,6,1.0,0.18055555555555555,0.8194444444444444,0.5,2024.3333333333333,1799.0,1908.8333333333333,1209.0
395,HH,A,4,6,0.6666666666666666,0.09027777777777778,0.5763888888888888,0.75,1829.75,1840.0,362.25,342.0
395,HH,P,5,6,0.8333333333333334,0.09027777777777778,0.7430555555555556,0.6,2196.2,2289.0,1403.2,446.0
395,HL,A,6,6,1.0,0.09027777777777778,0.9097222222222222,1.0,2098.3333333333335,2195.5,384.6666666666667,299.0
395,HL,P,5,6,0.8333333333333334,0.09027777777777778,0.7430555555555556,0.8,2101.4,2008.0,781.0,438.0
395,LH,A,5,6,0.8333333333333334,0.09027777777777778,0.7430555555555556,0.8,2006.6,1959.0,830.6,636.0
395,LH,P,6,6,1.0,0.09027777777777778,0.9097222222222222,0.8333333333333334,1611.3333333333333,1665.5,693.0,352.0
395,LL,A,6,6,1.0,0.09027777777777778,0.9097222222222222,1.0,2039.8333333333333,1787.5,734.6666666666666,309.5
395,LL,P,2,6,0.3333333333333333,0.09027777777777778,0.24305555555555552,0.5,1598.5,1598.5,246.5,246.5
396,HH,A,4,6,0.6666666666666666,0.041666666666666664,0.625,1.0,1834.5,1840.5,1213.75,1194.0
396,HH,P,6,6,1.0,0.041666666666666664,0.9583333333333334,1.0,1526.1666666666667,1430.5,969.0,736.5
396,HL,A,6,6,1.0,0.041666666666666664,0.9583333333333334,1.0,1968.0,1963.5,1044.6666666666667,736.5
396,HL,P,6,6,1.0,0.041666666666666664,0.9583333333333334,1.0,1707.8333333333333,1555.0,2224.8333333333335,1447.5
396,LH,A,6,6,1.0,0.041666666666666664,0.9583333333333334,1.0,1405.8333333333333,1317.5,1386.1666666666667,751.5
396,LH,P,5,6,0.8333333333333334,0.041666666666666664,0.7916666666666667,1.0,1346.6,1310.0,559.8,517.0
396,LL,A,6,6,1.0,0.041666666666666664,0.9583333333333334,1.0,1536.0,1635.0,931.6666666666666,807.5
396,LL,P,5,6,0.8333333333333334,0.041666666666666664,0.7916666666666667,1.0,1804.8,1923.0,1884.0,1359.0
397,HH,A,6,6,1.0,0.041666666666666664,0.9583333333333334,0.8333333333333334,2004.5,1727.0,563.6666666666666,576.5
397,HH,P,5,6,0.8333333333333334,0.041666666666666664,0.7916666666666667,0.8,2360.0,2325.0,820.0,630.0
397,HL,A,6,6,1.0,0.041666666666666664,0.9583333333333334,0.6666666666666666,1975.8333333333333,1860.5,977.3333333333334,488.5
397,HL,P,5,6,0.8333333333333334,0.041666666666666664,0.7916666666666667,1.0,2801.6,2577.0,984.2,847.0
397,LH,A,6,6,1.0,0.041666666666666664,0.9583333333333334,0.6666666666666666,1823.3333333333333,1756.5,1257.8333333333333,447.5
397,LH,P,5,6,0.8333333333333334,0.041666666666666664,0.7916666666666667,1.0,1909.0,1772.0,1045.4,433.0
397,LL,A,6,6,1.0,0.041666666666666664,0.9583333333333334,0.6666666666666666,1967.1666666666667,1813.5,1259.6666666666667,457.0
397,LL,P,5,6,0.8333333333333334,0.041666666666666664,0.7916666666666667,0.8,2375.8,2158.0,1326.0,1534.0
398,HH,A,6,6,1.0,0.1111111111111111,0.8888888888888888,0.6666666666666666,1476.8333333333333,1398.5,525.6666666666666,344.0
398,HH,P,6,6,1.0,0.1111111111111111,0.8888888888888888,0.6666666666666666,1332.1666666666667,1235.0,884.8333333333334,334.0
398,HL,A,5,6,0.8333333333333334,0.1111111111111111,0.7222222222222223,0.4,1367.4,1409.0,436.4,288.0
398,HL,P,6,6,1.0,0.1111111111111111,0.8888888888888888,0.6666666666666666,1647.3333333333333,1410.0,305.5,290.5
398,LH,A,5,6,0.8333333333333334,0.1111111111111111,0.7222222222222223,0.8,1666.0,1197.0,612.4,328.0
398,LH,P,6,6,1.0,0.1111111111111111,0.8888888888888888,0.6666666666666666,1153.6666666666667,1045.5,387.1666666666667,304.5
398,LL,A,4,6,0.6666666666666666,0.1111111111111111,0.5555555555555556,0.5,1345.0,1355.0,333.0,270.5
398,LL,P,5,6,0.8333333333333334,0.1111111111111111,0.7222222222222223,0.8,1479.2,1424.0,903.2,368.0
